postion,page_no,archival_tiff,web_jpeg,thumbnail_jpeg
1,Front cover,master/5024_0000.tif,web/5024_0000_web.jpg,thumb/5024_0000_thumb.jpg
2,Inside front cover,master/5024_0001.tif,web/5024_0001_web.jpg,thumb/5024_0001_thumb.jpg
3,Flyleaf 1 recto,master/5024_0002.tif,web/5024_0002_web.jpg,thumb/5024_0002_thumb.jpg
4,"Loose note 1, Side 1",master/5024_0003.tif,web/5024_0003_web.jpg,thumb/5024_0003_thumb.jpg
5,"Loose note 1, Side 2",master/5024_0004.tif,web/5024_0004_web.jpg,thumb/5024_0004_thumb.jpg
6,"Loose note 2, Side 1",master/5024_0005.tif,web/5024_0005_web.jpg,thumb/5024_0005_thumb.jpg
7,"Loose note 2, Side 2",master/5024_0006.tif,web/5024_0006_web.jpg,thumb/5024_0006_thumb.jpg
8,Flyleaf 1 verso,master/5024_0007.tif,web/5024_0007_web.jpg,thumb/5024_0007_thumb.jpg
9,1r,master/5024_0008.tif,web/5024_0008_web.jpg,thumb/5024_0008_thumb.jpg
10,1v,master/5024_0009.tif,web/5024_0009_web.jpg,thumb/5024_0009_thumb.jpg
11,1 =2r,master/5024_0010.tif,web/5024_0010_web.jpg,thumb/5024_0010_thumb.jpg
12,2v,master/5024_0011.tif,web/5024_0011_web.jpg,thumb/5024_0011_thumb.jpg
13,2 =3r,master/5024_0012.tif,web/5024_0012_web.jpg,thumb/5024_0012_thumb.jpg
14,3v,master/5024_0013.tif,web/5024_0013_web.jpg,thumb/5024_0013_thumb.jpg
15,3 =4r,master/5024_0014.tif,web/5024_0014_web.jpg,thumb/5024_0014_thumb.jpg
16,4v,master/5024_0015.tif,web/5024_0015_web.jpg,thumb/5024_0015_thumb.jpg
17,4 =5r,master/5024_0016.tif,web/5024_0016_web.jpg,thumb/5024_0016_thumb.jpg
18,5v,master/5024_0017.tif,web/5024_0017_web.jpg,thumb/5024_0017_thumb.jpg
19,5 =6r,master/5024_0018.tif,web/5024_0018_web.jpg,thumb/5024_0018_thumb.jpg
20,6v,master/5024_0019.tif,web/5024_0019_web.jpg,thumb/5024_0019_thumb.jpg
21,6 =7r,master/5024_0020.tif,web/5024_0020_web.jpg,thumb/5024_0020_thumb.jpg
22,7v,master/5024_0021.tif,web/5024_0021_web.jpg,thumb/5024_0021_thumb.jpg
23,7 =8r,master/5024_0022.tif,web/5024_0022_web.jpg,thumb/5024_0022_thumb.jpg
24,8v,master/5024_0023.tif,web/5024_0023_web.jpg,thumb/5024_0023_thumb.jpg
25,8 =9r,master/5024_0024.tif,web/5024_0024_web.jpg,thumb/5024_0024_thumb.jpg
26,9v,master/5024_0025.tif,web/5024_0025_web.jpg,thumb/5024_0025_thumb.jpg
27,9 =10r,master/5024_0026.tif,web/5024_0026_web.jpg,thumb/5024_0026_thumb.jpg
28,10v,master/5024_0027.tif,web/5024_0027_web.jpg,thumb/5024_0027_thumb.jpg
29,10 =11r,master/5024_0028.tif,web/5024_0028_web.jpg,thumb/5024_0028_thumb.jpg
30,11v,master/5024_0029.tif,web/5024_0029_web.jpg,thumb/5024_0029_thumb.jpg
31,11 =12r,master/5024_0030.tif,web/5024_0030_web.jpg,thumb/5024_0030_thumb.jpg
32,12v,master/5024_0031.tif,web/5024_0031_web.jpg,thumb/5024_0031_thumb.jpg
33,12 =13r,master/5024_0032.tif,web/5024_0032_web.jpg,thumb/5024_0032_thumb.jpg
34,13v,master/5024_0033.tif,web/5024_0033_web.jpg,thumb/5024_0033_thumb.jpg
35,13 =14r,master/5024_0034.tif,web/5024_0034_web.jpg,thumb/5024_0034_thumb.jpg
36,14v,master/5024_0035.tif,web/5024_0035_web.jpg,thumb/5024_0035_thumb.jpg
37,14 =15r,master/5024_0036.tif,web/5024_0036_web.jpg,thumb/5024_0036_thumb.jpg
38,15v,master/5024_0037.tif,web/5024_0037_web.jpg,thumb/5024_0037_thumb.jpg
39,15 =16r,master/5024_0038.tif,web/5024_0038_web.jpg,thumb/5024_0038_thumb.jpg
40,16v,master/5024_0039.tif,web/5024_0039_web.jpg,thumb/5024_0039_thumb.jpg
41,16 =17r,master/5024_0040.tif,web/5024_0040_web.jpg,thumb/5024_0040_thumb.jpg
42,17v,master/5024_0041.tif,web/5024_0041_web.jpg,thumb/5024_0041_thumb.jpg
43,17 =18r,master/5024_0042.tif,web/5024_0042_web.jpg,thumb/5024_0042_thumb.jpg
44,18v,master/5024_0043.tif,web/5024_0043_web.jpg,thumb/5024_0043_thumb.jpg
45,18 =19r,master/5024_0044.tif,web/5024_0044_web.jpg,thumb/5024_0044_thumb.jpg
46,19v,master/5024_0045.tif,web/5024_0045_web.jpg,thumb/5024_0045_thumb.jpg
47,19 =20r,master/5024_0046.tif,web/5024_0046_web.jpg,thumb/5024_0046_thumb.jpg
48,20v,master/5024_0047.tif,web/5024_0047_web.jpg,thumb/5024_0047_thumb.jpg
49,20 =21r,master/5024_0048.tif,web/5024_0048_web.jpg,thumb/5024_0048_thumb.jpg
50,21v,master/5024_0049.tif,web/5024_0049_web.jpg,thumb/5024_0049_thumb.jpg
51,21 =22r,master/5024_0050.tif,web/5024_0050_web.jpg,thumb/5024_0050_thumb.jpg
52,22v,master/5024_0051.tif,web/5024_0051_web.jpg,thumb/5024_0051_thumb.jpg
53,22 =23r,master/5024_0052.tif,web/5024_0052_web.jpg,thumb/5024_0052_thumb.jpg
54,23v,master/5024_0053.tif,web/5024_0053_web.jpg,thumb/5024_0053_thumb.jpg
55,23 =24r,master/5024_0054.tif,web/5024_0054_web.jpg,thumb/5024_0054_thumb.jpg
56,24v,master/5024_0055.tif,web/5024_0055_web.jpg,thumb/5024_0055_thumb.jpg
57,24 =25r,master/5024_0056.tif,web/5024_0056_web.jpg,thumb/5024_0056_thumb.jpg
58,25v,master/5024_0057.tif,web/5024_0057_web.jpg,thumb/5024_0057_thumb.jpg
59,25 =26r,master/5024_0058.tif,web/5024_0058_web.jpg,thumb/5024_0058_thumb.jpg
60,26v,master/5024_0059.tif,web/5024_0059_web.jpg,thumb/5024_0059_thumb.jpg
61,26 =27r,master/5024_0060.tif,web/5024_0060_web.jpg,thumb/5024_0060_thumb.jpg
62,27v,master/5024_0061.tif,web/5024_0061_web.jpg,thumb/5024_0061_thumb.jpg
63,27 =28r,master/5024_0062.tif,web/5024_0062_web.jpg,thumb/5024_0062_thumb.jpg
64,28v,master/5024_0063.tif,web/5024_0063_web.jpg,thumb/5024_0063_thumb.jpg
65,28 =29r,master/5024_0064.tif,web/5024_0064_web.jpg,thumb/5024_0064_thumb.jpg
66,29v,master/5024_0065.tif,web/5024_0065_web.jpg,thumb/5024_0065_thumb.jpg
67,29 =30r,master/5024_0066.tif,web/5024_0066_web.jpg,thumb/5024_0066_thumb.jpg
68,30v,master/5024_0067.tif,web/5024_0067_web.jpg,thumb/5024_0067_thumb.jpg
69,30 =31r,master/5024_0068.tif,web/5024_0068_web.jpg,thumb/5024_0068_thumb.jpg
70,31v,master/5024_0069.tif,web/5024_0069_web.jpg,thumb/5024_0069_thumb.jpg
71,31 =32r,master/5024_0070.tif,web/5024_0070_web.jpg,thumb/5024_0070_thumb.jpg
72,32v,master/5024_0071.tif,web/5024_0071_web.jpg,thumb/5024_0071_thumb.jpg
73,32 =33r,master/5024_0072.tif,web/5024_0072_web.jpg,thumb/5024_0072_thumb.jpg
74,33v,master/5024_0073.tif,web/5024_0073_web.jpg,thumb/5024_0073_thumb.jpg
75,33 =34r,master/5024_0074.tif,web/5024_0074_web.jpg,thumb/5024_0074_thumb.jpg
76,34v,master/5024_0075.tif,web/5024_0075_web.jpg,thumb/5024_0075_thumb.jpg
77,34 =35r,master/5024_0076.tif,web/5024_0076_web.jpg,thumb/5024_0076_thumb.jpg
78,35v,master/5024_0077.tif,web/5024_0077_web.jpg,thumb/5024_0077_thumb.jpg
79,35 =36r,master/5024_0078.tif,web/5024_0078_web.jpg,thumb/5024_0078_thumb.jpg
80,36v,master/5024_0079.tif,web/5024_0079_web.jpg,thumb/5024_0079_thumb.jpg
81,36 =37r,master/5024_0080.tif,web/5024_0080_web.jpg,thumb/5024_0080_thumb.jpg
82,37v,master/5024_0081.tif,web/5024_0081_web.jpg,thumb/5024_0081_thumb.jpg
83,37 =38r,master/5024_0082.tif,web/5024_0082_web.jpg,thumb/5024_0082_thumb.jpg
84,38v,master/5024_0083.tif,web/5024_0083_web.jpg,thumb/5024_0083_thumb.jpg
85,38 =39r,master/5024_0084.tif,web/5024_0084_web.jpg,thumb/5024_0084_thumb.jpg
86,39v,master/5024_0085.tif,web/5024_0085_web.jpg,thumb/5024_0085_thumb.jpg
87,39 =40r,master/5024_0086.tif,web/5024_0086_web.jpg,thumb/5024_0086_thumb.jpg
88,40v,master/5024_0087.tif,web/5024_0087_web.jpg,thumb/5024_0087_thumb.jpg
89,40 =41r,master/5024_0088.tif,web/5024_0088_web.jpg,thumb/5024_0088_thumb.jpg
90,41v,master/5024_0089.tif,web/5024_0089_web.jpg,thumb/5024_0089_thumb.jpg
91,41 =42r,master/5024_0090.tif,web/5024_0090_web.jpg,thumb/5024_0090_thumb.jpg
92,42v,master/5024_0091.tif,web/5024_0091_web.jpg,thumb/5024_0091_thumb.jpg
93,42 =43r,master/5024_0092.tif,web/5024_0092_web.jpg,thumb/5024_0092_thumb.jpg
94,43v,master/5024_0093.tif,web/5024_0093_web.jpg,thumb/5024_0093_thumb.jpg
95,43 =44r,master/5024_0094.tif,web/5024_0094_web.jpg,thumb/5024_0094_thumb.jpg
96,44v,master/5024_0095.tif,web/5024_0095_web.jpg,thumb/5024_0095_thumb.jpg
97,44 =45r,master/5024_0096.tif,web/5024_0096_web.jpg,thumb/5024_0096_thumb.jpg
98,45v,master/5024_0097.tif,web/5024_0097_web.jpg,thumb/5024_0097_thumb.jpg
99,45 =46r,master/5024_0098.tif,web/5024_0098_web.jpg,thumb/5024_0098_thumb.jpg
100,46v,master/5024_0099.tif,web/5024_0099_web.jpg,thumb/5024_0099_thumb.jpg
101,46 =47r,master/5024_0100.tif,web/5024_0100_web.jpg,thumb/5024_0100_thumb.jpg
102,47v,master/5024_0101.tif,web/5024_0101_web.jpg,thumb/5024_0101_thumb.jpg
103,47 =48r,master/5024_0102.tif,web/5024_0102_web.jpg,thumb/5024_0102_thumb.jpg
104,48v,master/5024_0103.tif,web/5024_0103_web.jpg,thumb/5024_0103_thumb.jpg
105,48 =49r,master/5024_0104.tif,web/5024_0104_web.jpg,thumb/5024_0104_thumb.jpg
106,49v,master/5024_0105.tif,web/5024_0105_web.jpg,thumb/5024_0105_thumb.jpg
107,49 =50r,master/5024_0106.tif,web/5024_0106_web.jpg,thumb/5024_0106_thumb.jpg
108,50v,master/5024_0107.tif,web/5024_0107_web.jpg,thumb/5024_0107_thumb.jpg
109,50 =51r,master/5024_0108.tif,web/5024_0108_web.jpg,thumb/5024_0108_thumb.jpg
110,51v,master/5024_0109.tif,web/5024_0109_web.jpg,thumb/5024_0109_thumb.jpg
111,51 =52r,master/5024_0110.tif,web/5024_0110_web.jpg,thumb/5024_0110_thumb.jpg
112,52v,master/5024_0111.tif,web/5024_0111_web.jpg,thumb/5024_0111_thumb.jpg
113,52 =53r,master/5024_0112.tif,web/5024_0112_web.jpg,thumb/5024_0112_thumb.jpg
114,53v,master/5024_0113.tif,web/5024_0113_web.jpg,thumb/5024_0113_thumb.jpg
115,53 =54r,master/5024_0114.tif,web/5024_0114_web.jpg,thumb/5024_0114_thumb.jpg
116,54v,master/5024_0115.tif,web/5024_0115_web.jpg,thumb/5024_0115_thumb.jpg
117,54 =55r,master/5024_0116.tif,web/5024_0116_web.jpg,thumb/5024_0116_thumb.jpg
118,55v,master/5024_0117.tif,web/5024_0117_web.jpg,thumb/5024_0117_thumb.jpg
119,55 =56r,master/5024_0118.tif,web/5024_0118_web.jpg,thumb/5024_0118_thumb.jpg
120,56v,master/5024_0119.tif,web/5024_0119_web.jpg,thumb/5024_0119_thumb.jpg
121,56 =57r,master/5024_0120.tif,web/5024_0120_web.jpg,thumb/5024_0120_thumb.jpg
122,57v,master/5024_0121.tif,web/5024_0121_web.jpg,thumb/5024_0121_thumb.jpg
123,57 =58r,master/5024_0122.tif,web/5024_0122_web.jpg,thumb/5024_0122_thumb.jpg
124,58v,master/5024_0123.tif,web/5024_0123_web.jpg,thumb/5024_0123_thumb.jpg
125,58 =59r,master/5024_0124.tif,web/5024_0124_web.jpg,thumb/5024_0124_thumb.jpg
126,59v,master/5024_0125.tif,web/5024_0125_web.jpg,thumb/5024_0125_thumb.jpg
127,59 =60r,master/5024_0126.tif,web/5024_0126_web.jpg,thumb/5024_0126_thumb.jpg
128,60v,master/5024_0127.tif,web/5024_0127_web.jpg,thumb/5024_0127_thumb.jpg
129,60 =61r,master/5024_0128.tif,web/5024_0128_web.jpg,thumb/5024_0128_thumb.jpg
130,61v,master/5024_0129.tif,web/5024_0129_web.jpg,thumb/5024_0129_thumb.jpg
131,61 =62r,master/5024_0130.tif,web/5024_0130_web.jpg,thumb/5024_0130_thumb.jpg
132,62v,master/5024_0131.tif,web/5024_0131_web.jpg,thumb/5024_0131_thumb.jpg
133,62 =63r,master/5024_0132.tif,web/5024_0132_web.jpg,thumb/5024_0132_thumb.jpg
134,63v,master/5024_0133.tif,web/5024_0133_web.jpg,thumb/5024_0133_thumb.jpg
135,63 =64r,master/5024_0134.tif,web/5024_0134_web.jpg,thumb/5024_0134_thumb.jpg
136,64v,master/5024_0135.tif,web/5024_0135_web.jpg,thumb/5024_0135_thumb.jpg
137,64 =65r,master/5024_0136.tif,web/5024_0136_web.jpg,thumb/5024_0136_thumb.jpg
138,65v,master/5024_0137.tif,web/5024_0137_web.jpg,thumb/5024_0137_thumb.jpg
139,65 =66r,master/5024_0138.tif,web/5024_0138_web.jpg,thumb/5024_0138_thumb.jpg
140,66v,master/5024_0139.tif,web/5024_0139_web.jpg,thumb/5024_0139_thumb.jpg
141,66 =67r,master/5024_0140.tif,web/5024_0140_web.jpg,thumb/5024_0140_thumb.jpg
142,67v,master/5024_0141.tif,web/5024_0141_web.jpg,thumb/5024_0141_thumb.jpg
143,67 =68r,master/5024_0142.tif,web/5024_0142_web.jpg,thumb/5024_0142_thumb.jpg
144,68v,master/5024_0143.tif,web/5024_0143_web.jpg,thumb/5024_0143_thumb.jpg
145,68 =69r,master/5024_0144.tif,web/5024_0144_web.jpg,thumb/5024_0144_thumb.jpg
146,69v,master/5024_0145.tif,web/5024_0145_web.jpg,thumb/5024_0145_thumb.jpg
147,69 =70r,master/5024_0146.tif,web/5024_0146_web.jpg,thumb/5024_0146_thumb.jpg
148,70v,master/5024_0147.tif,web/5024_0147_web.jpg,thumb/5024_0147_thumb.jpg
149,70 =71r,master/5024_0148.tif,web/5024_0148_web.jpg,thumb/5024_0148_thumb.jpg
150,71v,master/5024_0149.tif,web/5024_0149_web.jpg,thumb/5024_0149_thumb.jpg
151,71 =72r,master/5024_0150.tif,web/5024_0150_web.jpg,thumb/5024_0150_thumb.jpg
152,72v,master/5024_0151.tif,web/5024_0151_web.jpg,thumb/5024_0151_thumb.jpg
153,72 =73r,master/5024_0152.tif,web/5024_0152_web.jpg,thumb/5024_0152_thumb.jpg
154,73v,master/5024_0153.tif,web/5024_0153_web.jpg,thumb/5024_0153_thumb.jpg
155,73 =74r,master/5024_0154.tif,web/5024_0154_web.jpg,thumb/5024_0154_thumb.jpg
156,74v,master/5024_0155.tif,web/5024_0155_web.jpg,thumb/5024_0155_thumb.jpg
157,74 =75r,master/5024_0156.tif,web/5024_0156_web.jpg,thumb/5024_0156_thumb.jpg
158,75v,master/5024_0157.tif,web/5024_0157_web.jpg,thumb/5024_0157_thumb.jpg
159,75 =76r,master/5024_0158.tif,web/5024_0158_web.jpg,thumb/5024_0158_thumb.jpg
160,76v,master/5024_0159.tif,web/5024_0159_web.jpg,thumb/5024_0159_thumb.jpg
161,76 =77r,master/5024_0160.tif,web/5024_0160_web.jpg,thumb/5024_0160_thumb.jpg
162,77v,master/5024_0161.tif,web/5024_0161_web.jpg,thumb/5024_0161_thumb.jpg
163,77 =78r,master/5024_0162.tif,web/5024_0162_web.jpg,thumb/5024_0162_thumb.jpg
164,78v,master/5024_0163.tif,web/5024_0163_web.jpg,thumb/5024_0163_thumb.jpg
165,78 =79r,master/5024_0164.tif,web/5024_0164_web.jpg,thumb/5024_0164_thumb.jpg
166,79v,master/5024_0165.tif,web/5024_0165_web.jpg,thumb/5024_0165_thumb.jpg
167,79 =80r,master/5024_0166.tif,web/5024_0166_web.jpg,thumb/5024_0166_thumb.jpg
168,80v,master/5024_0167.tif,web/5024_0167_web.jpg,thumb/5024_0167_thumb.jpg
169,80 =81r,master/5024_0168.tif,web/5024_0168_web.jpg,thumb/5024_0168_thumb.jpg
170,81v,master/5024_0169.tif,web/5024_0169_web.jpg,thumb/5024_0169_thumb.jpg
171,81 =82r,master/5024_0170.tif,web/5024_0170_web.jpg,thumb/5024_0170_thumb.jpg
172,82v,master/5024_0171.tif,web/5024_0171_web.jpg,thumb/5024_0171_thumb.jpg
173,82 =83r,master/5024_0172.tif,web/5024_0172_web.jpg,thumb/5024_0172_thumb.jpg
174,83v,master/5024_0173.tif,web/5024_0173_web.jpg,thumb/5024_0173_thumb.jpg
175,83 =84r,master/5024_0174.tif,web/5024_0174_web.jpg,thumb/5024_0174_thumb.jpg
176,84v,master/5024_0175.tif,web/5024_0175_web.jpg,thumb/5024_0175_thumb.jpg
177,84 =85r,master/5024_0176.tif,web/5024_0176_web.jpg,thumb/5024_0176_thumb.jpg
178,85v,master/5024_0177.tif,web/5024_0177_web.jpg,thumb/5024_0177_thumb.jpg
179,85 =86r,master/5024_0178.tif,web/5024_0178_web.jpg,thumb/5024_0178_thumb.jpg
180,86v,master/5024_0179.tif,web/5024_0179_web.jpg,thumb/5024_0179_thumb.jpg
181,86 =87r,master/5024_0180.tif,web/5024_0180_web.jpg,thumb/5024_0180_thumb.jpg
182,87v,master/5024_0181.tif,web/5024_0181_web.jpg,thumb/5024_0181_thumb.jpg
183,87 =88r,master/5024_0182.tif,web/5024_0182_web.jpg,thumb/5024_0182_thumb.jpg
184,88v,master/5024_0183.tif,web/5024_0183_web.jpg,thumb/5024_0183_thumb.jpg
185,88 =89r,master/5024_0184.tif,web/5024_0184_web.jpg,thumb/5024_0184_thumb.jpg
186,89v,master/5024_0185.tif,web/5024_0185_web.jpg,thumb/5024_0185_thumb.jpg
187,89 =90r,master/5024_0186.tif,web/5024_0186_web.jpg,thumb/5024_0186_thumb.jpg
188,90v,master/5024_0187.tif,web/5024_0187_web.jpg,thumb/5024_0187_thumb.jpg
189,90 =91r,master/5024_0188.tif,web/5024_0188_web.jpg,thumb/5024_0188_thumb.jpg
190,91v,master/5024_0189.tif,web/5024_0189_web.jpg,thumb/5024_0189_thumb.jpg
191,91 =92r,master/5024_0190.tif,web/5024_0190_web.jpg,thumb/5024_0190_thumb.jpg
192,92v,master/5024_0191.tif,web/5024_0191_web.jpg,thumb/5024_0191_thumb.jpg
193,92 =93r,master/5024_0192.tif,web/5024_0192_web.jpg,thumb/5024_0192_thumb.jpg
194,93v,master/5024_0193.tif,web/5024_0193_web.jpg,thumb/5024_0193_thumb.jpg
195,93 =94r,master/5024_0194.tif,web/5024_0194_web.jpg,thumb/5024_0194_thumb.jpg
196,94v,master/5024_0195.tif,web/5024_0195_web.jpg,thumb/5024_0195_thumb.jpg
197,94 =95r,master/5024_0196.tif,web/5024_0196_web.jpg,thumb/5024_0196_thumb.jpg
198,95v,master/5024_0197.tif,web/5024_0197_web.jpg,thumb/5024_0197_thumb.jpg
199,95 =96r,master/5024_0198.tif,web/5024_0198_web.jpg,thumb/5024_0198_thumb.jpg
200,96v,master/5024_0199.tif,web/5024_0199_web.jpg,thumb/5024_0199_thumb.jpg
201,96 =97r,master/5024_0200.tif,web/5024_0200_web.jpg,thumb/5024_0200_thumb.jpg
202,97v,master/5024_0201.tif,web/5024_0201_web.jpg,thumb/5024_0201_thumb.jpg
203,97 =98r,master/5024_0202.tif,web/5024_0202_web.jpg,thumb/5024_0202_thumb.jpg
204,98v,master/5024_0203.tif,web/5024_0203_web.jpg,thumb/5024_0203_thumb.jpg
205,98 =99r,master/5024_0204.tif,web/5024_0204_web.jpg,thumb/5024_0204_thumb.jpg
206,99v,master/5024_0205.tif,web/5024_0205_web.jpg,thumb/5024_0205_thumb.jpg
207,99 =100r,master/5024_0206.tif,web/5024_0206_web.jpg,thumb/5024_0206_thumb.jpg
208,100v,master/5024_0207.tif,web/5024_0207_web.jpg,thumb/5024_0207_thumb.jpg
209,100 =101r,master/5024_0208.tif,web/5024_0208_web.jpg,thumb/5024_0208_thumb.jpg
210,101v,master/5024_0209.tif,web/5024_0209_web.jpg,thumb/5024_0209_thumb.jpg
211,101 =102r,master/5024_0210.tif,web/5024_0210_web.jpg,thumb/5024_0210_thumb.jpg
212,102v,master/5024_0211.tif,web/5024_0211_web.jpg,thumb/5024_0211_thumb.jpg
213,102 =103r,master/5024_0212.tif,web/5024_0212_web.jpg,thumb/5024_0212_thumb.jpg
214,103v,master/5024_0213.tif,web/5024_0213_web.jpg,thumb/5024_0213_thumb.jpg
215,103 =104r,master/5024_0214.tif,web/5024_0214_web.jpg,thumb/5024_0214_thumb.jpg
216,104v,master/5024_0215.tif,web/5024_0215_web.jpg,thumb/5024_0215_thumb.jpg
217,104 =105r,master/5024_0216.tif,web/5024_0216_web.jpg,thumb/5024_0216_thumb.jpg
218,105v,master/5024_0217.tif,web/5024_0217_web.jpg,thumb/5024_0217_thumb.jpg
219,105 =106r,master/5024_0218.tif,web/5024_0218_web.jpg,thumb/5024_0218_thumb.jpg
220,106v,master/5024_0219.tif,web/5024_0219_web.jpg,thumb/5024_0219_thumb.jpg
221,106 =107r,master/5024_0220.tif,web/5024_0220_web.jpg,thumb/5024_0220_thumb.jpg
222,107v,master/5024_0221.tif,web/5024_0221_web.jpg,thumb/5024_0221_thumb.jpg
223,107 =108r,master/5024_0222.tif,web/5024_0222_web.jpg,thumb/5024_0222_thumb.jpg
224,108v,master/5024_0223.tif,web/5024_0223_web.jpg,thumb/5024_0223_thumb.jpg
225,108 =109r,master/5024_0224.tif,web/5024_0224_web.jpg,thumb/5024_0224_thumb.jpg
226,109v,master/5024_0225.tif,web/5024_0225_web.jpg,thumb/5024_0225_thumb.jpg
227,109 =110r,master/5024_0226.tif,web/5024_0226_web.jpg,thumb/5024_0226_thumb.jpg
228,110v,master/5024_0227.tif,web/5024_0227_web.jpg,thumb/5024_0227_thumb.jpg
229,110 =111r,master/5024_0228.tif,web/5024_0228_web.jpg,thumb/5024_0228_thumb.jpg
230,111v,master/5024_0229.tif,web/5024_0229_web.jpg,thumb/5024_0229_thumb.jpg
231,111 =112r,master/5024_0230.tif,web/5024_0230_web.jpg,thumb/5024_0230_thumb.jpg
232,112v,master/5024_0231.tif,web/5024_0231_web.jpg,thumb/5024_0231_thumb.jpg
233,112 =113r,master/5024_0232.tif,web/5024_0232_web.jpg,thumb/5024_0232_thumb.jpg
234,113v,master/5024_0233.tif,web/5024_0233_web.jpg,thumb/5024_0233_thumb.jpg
235,113 =114r,master/5024_0234.tif,web/5024_0234_web.jpg,thumb/5024_0234_thumb.jpg
236,114v,master/5024_0235.tif,web/5024_0235_web.jpg,thumb/5024_0235_thumb.jpg
237,114 =115r,master/5024_0236.tif,web/5024_0236_web.jpg,thumb/5024_0236_thumb.jpg
238,115v,master/5024_0237.tif,web/5024_0237_web.jpg,thumb/5024_0237_thumb.jpg
239,115 =116r,master/5024_0238.tif,web/5024_0238_web.jpg,thumb/5024_0238_thumb.jpg
240,116v,master/5024_0239.tif,web/5024_0239_web.jpg,thumb/5024_0239_thumb.jpg
241,116 =117r,master/5024_0240.tif,web/5024_0240_web.jpg,thumb/5024_0240_thumb.jpg
242,117v,master/5024_0241.tif,web/5024_0241_web.jpg,thumb/5024_0241_thumb.jpg
243,117 =118r,master/5024_0242.tif,web/5024_0242_web.jpg,thumb/5024_0242_thumb.jpg
244,118v,master/5024_0243.tif,web/5024_0243_web.jpg,thumb/5024_0243_thumb.jpg
245,118 =119r,master/5024_0244.tif,web/5024_0244_web.jpg,thumb/5024_0244_thumb.jpg
246,119v,master/5024_0245.tif,web/5024_0245_web.jpg,thumb/5024_0245_thumb.jpg
247,119 =120r,master/5024_0246.tif,web/5024_0246_web.jpg,thumb/5024_0246_thumb.jpg
248,120v,master/5024_0247.tif,web/5024_0247_web.jpg,thumb/5024_0247_thumb.jpg
249,120 =121r,master/5024_0248.tif,web/5024_0248_web.jpg,thumb/5024_0248_thumb.jpg
250,121v,master/5024_0249.tif,web/5024_0249_web.jpg,thumb/5024_0249_thumb.jpg
251,121 =122r,master/5024_0250.tif,web/5024_0250_web.jpg,thumb/5024_0250_thumb.jpg
252,122v,master/5024_0251.tif,web/5024_0251_web.jpg,thumb/5024_0251_thumb.jpg
253,122 =123r,master/5024_0252.tif,web/5024_0252_web.jpg,thumb/5024_0252_thumb.jpg
254,123v,master/5024_0253.tif,web/5024_0253_web.jpg,thumb/5024_0253_thumb.jpg
255,123 =124r,master/5024_0254.tif,web/5024_0254_web.jpg,thumb/5024_0254_thumb.jpg
256,124v,master/5024_0255.tif,web/5024_0255_web.jpg,thumb/5024_0255_thumb.jpg
257,124 =125r,master/5024_0256.tif,web/5024_0256_web.jpg,thumb/5024_0256_thumb.jpg
258,125v,master/5024_0257.tif,web/5024_0257_web.jpg,thumb/5024_0257_thumb.jpg
259,125 =126r,master/5024_0258.tif,web/5024_0258_web.jpg,thumb/5024_0258_thumb.jpg
260,126v,master/5024_0259.tif,web/5024_0259_web.jpg,thumb/5024_0259_thumb.jpg
261,126 =127r,master/5024_0260.tif,web/5024_0260_web.jpg,thumb/5024_0260_thumb.jpg
262,127v,master/5024_0261.tif,web/5024_0261_web.jpg,thumb/5024_0261_thumb.jpg
263,127 =128r,master/5024_0262.tif,web/5024_0262_web.jpg,thumb/5024_0262_thumb.jpg
264,128v,master/5024_0263.tif,web/5024_0263_web.jpg,thumb/5024_0263_thumb.jpg
265,128 =129r,master/5024_0264.tif,web/5024_0264_web.jpg,thumb/5024_0264_thumb.jpg
266,129v,master/5024_0265.tif,web/5024_0265_web.jpg,thumb/5024_0265_thumb.jpg
267,129 =130r,master/5024_0266.tif,web/5024_0266_web.jpg,thumb/5024_0266_thumb.jpg
268,130v,master/5024_0267.tif,web/5024_0267_web.jpg,thumb/5024_0267_thumb.jpg
269,130 =131r,master/5024_0268.tif,web/5024_0268_web.jpg,thumb/5024_0268_thumb.jpg
270,131v,master/5024_0269.tif,web/5024_0269_web.jpg,thumb/5024_0269_thumb.jpg
271,131 =132r,master/5024_0270.tif,web/5024_0270_web.jpg,thumb/5024_0270_thumb.jpg
272,132v,master/5024_0271.tif,web/5024_0271_web.jpg,thumb/5024_0271_thumb.jpg
273,132 =133r,master/5024_0272.tif,web/5024_0272_web.jpg,thumb/5024_0272_thumb.jpg
274,133v,master/5024_0273.tif,web/5024_0273_web.jpg,thumb/5024_0273_thumb.jpg
275,133 =134r,master/5024_0274.tif,web/5024_0274_web.jpg,thumb/5024_0274_thumb.jpg
276,134v,master/5024_0275.tif,web/5024_0275_web.jpg,thumb/5024_0275_thumb.jpg
277,134 =135r,master/5024_0276.tif,web/5024_0276_web.jpg,thumb/5024_0276_thumb.jpg
278,135v,master/5024_0277.tif,web/5024_0277_web.jpg,thumb/5024_0277_thumb.jpg
279,135 =136r,master/5024_0278.tif,web/5024_0278_web.jpg,thumb/5024_0278_thumb.jpg
280,136v,master/5024_0279.tif,web/5024_0279_web.jpg,thumb/5024_0279_thumb.jpg
281,136 =137r,master/5024_0280.tif,web/5024_0280_web.jpg,thumb/5024_0280_thumb.jpg
282,137v,master/5024_0281.tif,web/5024_0281_web.jpg,thumb/5024_0281_thumb.jpg
283,137 =138r,master/5024_0282.tif,web/5024_0282_web.jpg,thumb/5024_0282_thumb.jpg
284,138v,master/5024_0283.tif,web/5024_0283_web.jpg,thumb/5024_0283_thumb.jpg
285,138 =139r,master/5024_0284.tif,web/5024_0284_web.jpg,thumb/5024_0284_thumb.jpg
286,139v,master/5024_0285.tif,web/5024_0285_web.jpg,thumb/5024_0285_thumb.jpg
287,139 =140r,master/5024_0286.tif,web/5024_0286_web.jpg,thumb/5024_0286_thumb.jpg
288,140v,master/5024_0287.tif,web/5024_0287_web.jpg,thumb/5024_0287_thumb.jpg
289,140 =141r,master/5024_0288.tif,web/5024_0288_web.jpg,thumb/5024_0288_thumb.jpg
290,141v,master/5024_0289.tif,web/5024_0289_web.jpg,thumb/5024_0289_thumb.jpg
291,141 =142r,master/5024_0290.tif,web/5024_0290_web.jpg,thumb/5024_0290_thumb.jpg
292,142v,master/5024_0291.tif,web/5024_0291_web.jpg,thumb/5024_0291_thumb.jpg
293,142 =143r,master/5024_0292.tif,web/5024_0292_web.jpg,thumb/5024_0292_thumb.jpg
294,143v,master/5024_0293.tif,web/5024_0293_web.jpg,thumb/5024_0293_thumb.jpg
295,143 =144r,master/5024_0294.tif,web/5024_0294_web.jpg,thumb/5024_0294_thumb.jpg
296,144v,master/5024_0295.tif,web/5024_0295_web.jpg,thumb/5024_0295_thumb.jpg
297,144 =145r,master/5024_0296.tif,web/5024_0296_web.jpg,thumb/5024_0296_thumb.jpg
298,145v,master/5024_0297.tif,web/5024_0297_web.jpg,thumb/5024_0297_thumb.jpg
299,145 =146r,master/5024_0298.tif,web/5024_0298_web.jpg,thumb/5024_0298_thumb.jpg
300,146v,master/5024_0299.tif,web/5024_0299_web.jpg,thumb/5024_0299_thumb.jpg
301,146 =147r,master/5024_0300.tif,web/5024_0300_web.jpg,thumb/5024_0300_thumb.jpg
302,147v,master/5024_0301.tif,web/5024_0301_web.jpg,thumb/5024_0301_thumb.jpg
303,147 =148r,master/5024_0302.tif,web/5024_0302_web.jpg,thumb/5024_0302_thumb.jpg
304,148v,master/5024_0303.tif,web/5024_0303_web.jpg,thumb/5024_0303_thumb.jpg
305,148 =149r,master/5024_0304.tif,web/5024_0304_web.jpg,thumb/5024_0304_thumb.jpg
306,149v,master/5024_0305.tif,web/5024_0305_web.jpg,thumb/5024_0305_thumb.jpg
307,149 =150r,master/5024_0306.tif,web/5024_0306_web.jpg,thumb/5024_0306_thumb.jpg
308,150v,master/5024_0307.tif,web/5024_0307_web.jpg,thumb/5024_0307_thumb.jpg
309,150 =151r,master/5024_0308.tif,web/5024_0308_web.jpg,thumb/5024_0308_thumb.jpg
310,151v,master/5024_0309.tif,web/5024_0309_web.jpg,thumb/5024_0309_thumb.jpg
311,151 =152r,master/5024_0310.tif,web/5024_0310_web.jpg,thumb/5024_0310_thumb.jpg
312,152v,master/5024_0311.tif,web/5024_0311_web.jpg,thumb/5024_0311_thumb.jpg
313,152 =153r,master/5024_0312.tif,web/5024_0312_web.jpg,thumb/5024_0312_thumb.jpg
314,153v,master/5024_0313.tif,web/5024_0313_web.jpg,thumb/5024_0313_thumb.jpg
315,153 =154r,master/5024_0314.tif,web/5024_0314_web.jpg,thumb/5024_0314_thumb.jpg
316,154v,master/5024_0315.tif,web/5024_0315_web.jpg,thumb/5024_0315_thumb.jpg
317,154 =155r,master/5024_0316.tif,web/5024_0316_web.jpg,thumb/5024_0316_thumb.jpg
318,155v,master/5024_0317.tif,web/5024_0317_web.jpg,thumb/5024_0317_thumb.jpg
319,155 =156r,master/5024_0318.tif,web/5024_0318_web.jpg,thumb/5024_0318_thumb.jpg
320,156v,master/5024_0319.tif,web/5024_0319_web.jpg,thumb/5024_0319_thumb.jpg
321,156 =157r,master/5024_0320.tif,web/5024_0320_web.jpg,thumb/5024_0320_thumb.jpg
322,157v,master/5024_0321.tif,web/5024_0321_web.jpg,thumb/5024_0321_thumb.jpg
323,157 =158r,master/5024_0322.tif,web/5024_0322_web.jpg,thumb/5024_0322_thumb.jpg
324,158v,master/5024_0323.tif,web/5024_0323_web.jpg,thumb/5024_0323_thumb.jpg
325,158 =159r,master/5024_0324.tif,web/5024_0324_web.jpg,thumb/5024_0324_thumb.jpg
326,159v,master/5024_0325.tif,web/5024_0325_web.jpg,thumb/5024_0325_thumb.jpg
327,159 =160r,master/5024_0326.tif,web/5024_0326_web.jpg,thumb/5024_0326_thumb.jpg
328,160v,master/5024_0327.tif,web/5024_0327_web.jpg,thumb/5024_0327_thumb.jpg
329,160 =161r,master/5024_0328.tif,web/5024_0328_web.jpg,thumb/5024_0328_thumb.jpg
330,161v,master/5024_0329.tif,web/5024_0329_web.jpg,thumb/5024_0329_thumb.jpg
331,161 =162r,master/5024_0330.tif,web/5024_0330_web.jpg,thumb/5024_0330_thumb.jpg
332,162v,master/5024_0331.tif,web/5024_0331_web.jpg,thumb/5024_0331_thumb.jpg
333,162 =163r,master/5024_0332.tif,web/5024_0332_web.jpg,thumb/5024_0332_thumb.jpg
334,163v,master/5024_0333.tif,web/5024_0333_web.jpg,thumb/5024_0333_thumb.jpg
335,163 =164r,master/5024_0334.tif,web/5024_0334_web.jpg,thumb/5024_0334_thumb.jpg
336,164v,master/5024_0335.tif,web/5024_0335_web.jpg,thumb/5024_0335_thumb.jpg
337,164 =165r,master/5024_0336.tif,web/5024_0336_web.jpg,thumb/5024_0336_thumb.jpg
338,165v,master/5024_0337.tif,web/5024_0337_web.jpg,thumb/5024_0337_thumb.jpg
339,165 =166r,master/5024_0338.tif,web/5024_0338_web.jpg,thumb/5024_0338_thumb.jpg
340,166v,master/5024_0339.tif,web/5024_0339_web.jpg,thumb/5024_0339_thumb.jpg
341,166 =167r,master/5024_0340.tif,web/5024_0340_web.jpg,thumb/5024_0340_thumb.jpg
342,167v,master/5024_0341.tif,web/5024_0341_web.jpg,thumb/5024_0341_thumb.jpg
343,167 =168r,master/5024_0342.tif,web/5024_0342_web.jpg,thumb/5024_0342_thumb.jpg
344,168v,master/5024_0343.tif,web/5024_0343_web.jpg,thumb/5024_0343_thumb.jpg
345,168 =169r,master/5024_0344.tif,web/5024_0344_web.jpg,thumb/5024_0344_thumb.jpg
346,169v,master/5024_0345.tif,web/5024_0345_web.jpg,thumb/5024_0345_thumb.jpg
347,169 =170r,master/5024_0346.tif,web/5024_0346_web.jpg,thumb/5024_0346_thumb.jpg
348,170v,master/5024_0347.tif,web/5024_0347_web.jpg,thumb/5024_0347_thumb.jpg
349,170 =171r,master/5024_0348.tif,web/5024_0348_web.jpg,thumb/5024_0348_thumb.jpg
350,171v,master/5024_0349.tif,web/5024_0349_web.jpg,thumb/5024_0349_thumb.jpg
351,171 =172r,master/5024_0350.tif,web/5024_0350_web.jpg,thumb/5024_0350_thumb.jpg
352,172v,master/5024_0351.tif,web/5024_0351_web.jpg,thumb/5024_0351_thumb.jpg
353,172 =173r,master/5024_0352.tif,web/5024_0352_web.jpg,thumb/5024_0352_thumb.jpg
354,173v,master/5024_0353.tif,web/5024_0353_web.jpg,thumb/5024_0353_thumb.jpg
355,173 =174r,master/5024_0354.tif,web/5024_0354_web.jpg,thumb/5024_0354_thumb.jpg
356,174v,master/5024_0355.tif,web/5024_0355_web.jpg,thumb/5024_0355_thumb.jpg
357,174 =175r,master/5024_0356.tif,web/5024_0356_web.jpg,thumb/5024_0356_thumb.jpg
358,175v,master/5024_0357.tif,web/5024_0357_web.jpg,thumb/5024_0357_thumb.jpg
359,175 =176r,master/5024_0358.tif,web/5024_0358_web.jpg,thumb/5024_0358_thumb.jpg
360,176v,master/5024_0359.tif,web/5024_0359_web.jpg,thumb/5024_0359_thumb.jpg
361,176 =177r,master/5024_0360.tif,web/5024_0360_web.jpg,thumb/5024_0360_thumb.jpg
362,177v,master/5024_0361.tif,web/5024_0361_web.jpg,thumb/5024_0361_thumb.jpg
363,177 =178r,master/5024_0362.tif,web/5024_0362_web.jpg,thumb/5024_0362_thumb.jpg
364,178v,master/5024_0363.tif,web/5024_0363_web.jpg,thumb/5024_0363_thumb.jpg
365,178 =179r,master/5024_0364.tif,web/5024_0364_web.jpg,thumb/5024_0364_thumb.jpg
366,179v,master/5024_0365.tif,web/5024_0365_web.jpg,thumb/5024_0365_thumb.jpg
367,179 =180r,master/5024_0366.tif,web/5024_0366_web.jpg,thumb/5024_0366_thumb.jpg
368,180v,master/5024_0367.tif,web/5024_0367_web.jpg,thumb/5024_0367_thumb.jpg
369,180 =181r,master/5024_0368.tif,web/5024_0368_web.jpg,thumb/5024_0368_thumb.jpg
370,181v,master/5024_0369.tif,web/5024_0369_web.jpg,thumb/5024_0369_thumb.jpg
371,181 =182r,master/5024_0370.tif,web/5024_0370_web.jpg,thumb/5024_0370_thumb.jpg
372,182v,master/5024_0371.tif,web/5024_0371_web.jpg,thumb/5024_0371_thumb.jpg
373,182 =183r,master/5024_0372.tif,web/5024_0372_web.jpg,thumb/5024_0372_thumb.jpg
374,183v,master/5024_0373.tif,web/5024_0373_web.jpg,thumb/5024_0373_thumb.jpg
375,183 =184r,master/5024_0374.tif,web/5024_0374_web.jpg,thumb/5024_0374_thumb.jpg
376,184v,master/5024_0375.tif,web/5024_0375_web.jpg,thumb/5024_0375_thumb.jpg
377,183 =185r,master/5024_0376.tif,web/5024_0376_web.jpg,thumb/5024_0376_thumb.jpg
378,185v,master/5024_0377.tif,web/5024_0377_web.jpg,thumb/5024_0377_thumb.jpg
379,185 =186r,master/5024_0378.tif,web/5024_0378_web.jpg,thumb/5024_0378_thumb.jpg
380,186v,master/5024_0379.tif,web/5024_0379_web.jpg,thumb/5024_0379_thumb.jpg
381,186 =187r,master/5024_0380.tif,web/5024_0380_web.jpg,thumb/5024_0380_thumb.jpg
382,187v,master/5024_0381.tif,web/5024_0381_web.jpg,thumb/5024_0381_thumb.jpg
383,187 =188r,master/5024_0382.tif,web/5024_0382_web.jpg,thumb/5024_0382_thumb.jpg
384,188v,master/5024_0383.tif,web/5024_0383_web.jpg,thumb/5024_0383_thumb.jpg
385,188 =189r,master/5024_0384.tif,web/5024_0384_web.jpg,thumb/5024_0384_thumb.jpg
386,189v,master/5024_0385.tif,web/5024_0385_web.jpg,thumb/5024_0385_thumb.jpg
387,189 =190r,master/5024_0386.tif,web/5024_0386_web.jpg,thumb/5024_0386_thumb.jpg
388,190v,master/5024_0387.tif,web/5024_0387_web.jpg,thumb/5024_0387_thumb.jpg
389,190 =191r,master/5024_0388.tif,web/5024_0388_web.jpg,thumb/5024_0388_thumb.jpg
390,191v,master/5024_0389.tif,web/5024_0389_web.jpg,thumb/5024_0389_thumb.jpg
391,191 =192r,master/5024_0390.tif,web/5024_0390_web.jpg,thumb/5024_0390_thumb.jpg
392,192v,master/5024_0391.tif,web/5024_0391_web.jpg,thumb/5024_0391_thumb.jpg
393,192 =193r,master/5024_0392.tif,web/5024_0392_web.jpg,thumb/5024_0392_thumb.jpg
394,193v,master/5024_0393.tif,web/5024_0393_web.jpg,thumb/5024_0393_thumb.jpg
395,193 =194r,master/5024_0394.tif,web/5024_0394_web.jpg,thumb/5024_0394_thumb.jpg
396,194v,master/5024_0395.tif,web/5024_0395_web.jpg,thumb/5024_0395_thumb.jpg
397,194 =195r,master/5024_0396.tif,web/5024_0396_web.jpg,thumb/5024_0396_thumb.jpg
398,195v,master/5024_0397.tif,web/5024_0397_web.jpg,thumb/5024_0397_thumb.jpg
399,195 =196r,master/5024_0398.tif,web/5024_0398_web.jpg,thumb/5024_0398_thumb.jpg
400,195 =196v,master/5024_0399.tif,web/5024_0399_web.jpg,thumb/5024_0399_thumb.jpg
401,195 =197r,master/5024_0400.tif,web/5024_0400_web.jpg,thumb/5024_0400_thumb.jpg
402,196 =197v,master/5024_0401.tif,web/5024_0401_web.jpg,thumb/5024_0401_thumb.jpg
403,196 =198r,master/5024_0402.tif,web/5024_0402_web.jpg,thumb/5024_0402_thumb.jpg
404,197 =198v,master/5024_0403.tif,web/5024_0403_web.jpg,thumb/5024_0403_thumb.jpg
405,197 =199r,master/5024_0404.tif,web/5024_0404_web.jpg,thumb/5024_0404_thumb.jpg
406,198 =199v,master/5024_0405.tif,web/5024_0405_web.jpg,thumb/5024_0405_thumb.jpg
407,198 =200r,master/5024_0406.tif,web/5024_0406_web.jpg,thumb/5024_0406_thumb.jpg
408,199 =200v,master/5024_0407.tif,web/5024_0407_web.jpg,thumb/5024_0407_thumb.jpg
409,199 =201r,master/5024_0408.tif,web/5024_0408_web.jpg,thumb/5024_0408_thumb.jpg
410,200 =201v,master/5024_0409.tif,web/5024_0409_web.jpg,thumb/5024_0409_thumb.jpg
411,200 =202r,master/5024_0410.tif,web/5024_0410_web.jpg,thumb/5024_0410_thumb.jpg
412,201 =202v,master/5024_0411.tif,web/5024_0411_web.jpg,thumb/5024_0411_thumb.jpg
413,201 =203r,master/5024_0412.tif,web/5024_0412_web.jpg,thumb/5024_0412_thumb.jpg
414,202 =203v,master/5024_0413.tif,web/5024_0413_web.jpg,thumb/5024_0413_thumb.jpg
415,202 =204r,master/5024_0414.tif,web/5024_0414_web.jpg,thumb/5024_0414_thumb.jpg
416,203 =204v,master/5024_0415.tif,web/5024_0415_web.jpg,thumb/5024_0415_thumb.jpg
417,203 =205r,master/5024_0416.tif,web/5024_0416_web.jpg,thumb/5024_0416_thumb.jpg
418,204 =205v,master/5024_0417.tif,web/5024_0417_web.jpg,thumb/5024_0417_thumb.jpg
419,204 =206r,master/5024_0418.tif,web/5024_0418_web.jpg,thumb/5024_0418_thumb.jpg
420,205 =206v,master/5024_0419.tif,web/5024_0419_web.jpg,thumb/5024_0419_thumb.jpg
421,205 =207r,master/5024_0420.tif,web/5024_0420_web.jpg,thumb/5024_0420_thumb.jpg
422,206 =207v,master/5024_0421.tif,web/5024_0421_web.jpg,thumb/5024_0421_thumb.jpg
423,206 =208r,master/5024_0422.tif,web/5024_0422_web.jpg,thumb/5024_0422_thumb.jpg
424,207 =208v,master/5024_0423.tif,web/5024_0423_web.jpg,thumb/5024_0423_thumb.jpg
425,207 =209r,master/5024_0424.tif,web/5024_0424_web.jpg,thumb/5024_0424_thumb.jpg
426,208 =209v,master/5024_0425.tif,web/5024_0425_web.jpg,thumb/5024_0425_thumb.jpg
427,208 =210r,master/5024_0426.tif,web/5024_0426_web.jpg,thumb/5024_0426_thumb.jpg
428,209 =210v,master/5024_0427.tif,web/5024_0427_web.jpg,thumb/5024_0427_thumb.jpg
429,209 =211r,master/5024_0428.tif,web/5024_0428_web.jpg,thumb/5024_0428_thumb.jpg
430,210 =211v,master/5024_0429.tif,web/5024_0429_web.jpg,thumb/5024_0429_thumb.jpg
431,210 =212r,master/5024_0430.tif,web/5024_0430_web.jpg,thumb/5024_0430_thumb.jpg
432,211 =212v,master/5024_0431.tif,web/5024_0431_web.jpg,thumb/5024_0431_thumb.jpg
433,211 =213r,master/5024_0432.tif,web/5024_0432_web.jpg,thumb/5024_0432_thumb.jpg
434,212 =213v,master/5024_0433.tif,web/5024_0433_web.jpg,thumb/5024_0433_thumb.jpg
435,212 =214r,master/5024_0434.tif,web/5024_0434_web.jpg,thumb/5024_0434_thumb.jpg
436,213 =214v,master/5024_0435.tif,web/5024_0435_web.jpg,thumb/5024_0435_thumb.jpg
437,213 =215r,master/5024_0436.tif,web/5024_0436_web.jpg,thumb/5024_0436_thumb.jpg
438,214 =215v,master/5024_0437.tif,web/5024_0437_web.jpg,thumb/5024_0437_thumb.jpg
439,214 =216r,master/5024_0438.tif,web/5024_0438_web.jpg,thumb/5024_0438_thumb.jpg
440,215 =216v,master/5024_0439.tif,web/5024_0439_web.jpg,thumb/5024_0439_thumb.jpg
441,215 =217r,master/5024_0440.tif,web/5024_0440_web.jpg,thumb/5024_0440_thumb.jpg
442,216 =217v,master/5024_0441.tif,web/5024_0441_web.jpg,thumb/5024_0441_thumb.jpg
443,216 =218r,master/5024_0442.tif,web/5024_0442_web.jpg,thumb/5024_0442_thumb.jpg
444,216 =218v,master/5024_0443.tif,web/5024_0443_web.jpg,thumb/5024_0443_thumb.jpg
445,217 =219r,master/5024_0444.tif,web/5024_0444_web.jpg,thumb/5024_0444_thumb.jpg
446,217 =219v,master/5024_0445.tif,web/5024_0445_web.jpg,thumb/5024_0445_thumb.jpg
447,218 =220r,master/5024_0446.tif,web/5024_0446_web.jpg,thumb/5024_0446_thumb.jpg
448,218 =220v,master/5024_0447.tif,web/5024_0447_web.jpg,thumb/5024_0447_thumb.jpg
449,219 =221r,master/5024_0448.tif,web/5024_0448_web.jpg,thumb/5024_0448_thumb.jpg
450,219 =221v,master/5024_0449.tif,web/5024_0449_web.jpg,thumb/5024_0449_thumb.jpg
451,220 =222r,master/5024_0450.tif,web/5024_0450_web.jpg,thumb/5024_0450_thumb.jpg
452,220 =222v,master/5024_0451.tif,web/5024_0451_web.jpg,thumb/5024_0451_thumb.jpg
453,221 =223r,master/5024_0452.tif,web/5024_0452_web.jpg,thumb/5024_0452_thumb.jpg
454,221 =223v,master/5024_0453.tif,web/5024_0453_web.jpg,thumb/5024_0453_thumb.jpg
455,222 =224r,master/5024_0454.tif,web/5024_0454_web.jpg,thumb/5024_0454_thumb.jpg
456,222 =224v,master/5024_0455.tif,web/5024_0455_web.jpg,thumb/5024_0455_thumb.jpg
457,223 =225r,master/5024_0456.tif,web/5024_0456_web.jpg,thumb/5024_0456_thumb.jpg
458,223 =225v,master/5024_0457.tif,web/5024_0457_web.jpg,thumb/5024_0457_thumb.jpg
459,224 =226r,master/5024_0458.tif,web/5024_0458_web.jpg,thumb/5024_0458_thumb.jpg
460,224 =226v,master/5024_0459.tif,web/5024_0459_web.jpg,thumb/5024_0459_thumb.jpg
461,225 =227r,master/5024_0460.tif,web/5024_0460_web.jpg,thumb/5024_0460_thumb.jpg
462,225 =227v,master/5024_0461.tif,web/5024_0461_web.jpg,thumb/5024_0461_thumb.jpg
463,226 =228r,master/5024_0462.tif,web/5024_0462_web.jpg,thumb/5024_0462_thumb.jpg
464,226 =228v,master/5024_0463.tif,web/5024_0463_web.jpg,thumb/5024_0463_thumb.jpg
465,227 =229r,master/5024_0464.tif,web/5024_0464_web.jpg,thumb/5024_0464_thumb.jpg
466,227 =229v,master/5024_0465.tif,web/5024_0465_web.jpg,thumb/5024_0465_thumb.jpg
467,228 =230r,master/5024_0466.tif,web/5024_0466_web.jpg,thumb/5024_0466_thumb.jpg
468,228 =230v,master/5024_0467.tif,web/5024_0467_web.jpg,thumb/5024_0467_thumb.jpg
469,229 =231r,master/5024_0468.tif,web/5024_0468_web.jpg,thumb/5024_0468_thumb.jpg
470,230 =231v,master/5024_0469.tif,web/5024_0469_web.jpg,thumb/5024_0469_thumb.jpg
471,230 =232r,master/5024_0470.tif,web/5024_0470_web.jpg,thumb/5024_0470_thumb.jpg
472,231 =232v,master/5024_0471.tif,web/5024_0471_web.jpg,thumb/5024_0471_thumb.jpg
473,231 =233r,master/5024_0472.tif,web/5024_0472_web.jpg,thumb/5024_0472_thumb.jpg
474,232 =233v,master/5024_0473.tif,web/5024_0473_web.jpg,thumb/5024_0473_thumb.jpg
475,232 =234r,master/5024_0474.tif,web/5024_0474_web.jpg,thumb/5024_0474_thumb.jpg
476,233 =234v,master/5024_0475.tif,web/5024_0475_web.jpg,thumb/5024_0475_thumb.jpg
477,233 =235r,master/5024_0476.tif,web/5024_0476_web.jpg,thumb/5024_0476_thumb.jpg
478,234 =235v,master/5024_0477.tif,web/5024_0477_web.jpg,thumb/5024_0477_thumb.jpg
479,234 =236r,master/5024_0478.tif,web/5024_0478_web.jpg,thumb/5024_0478_thumb.jpg
480,235 =236v,master/5024_0479.tif,web/5024_0479_web.jpg,thumb/5024_0479_thumb.jpg
481,235 =237r,master/5024_0480.tif,web/5024_0480_web.jpg,thumb/5024_0480_thumb.jpg
482,236 =237v,master/5024_0481.tif,web/5024_0481_web.jpg,thumb/5024_0481_thumb.jpg
483,236 =238r,master/5024_0482.tif,web/5024_0482_web.jpg,thumb/5024_0482_thumb.jpg
484,237 =238v,master/5024_0483.tif,web/5024_0483_web.jpg,thumb/5024_0483_thumb.jpg
485,237 =239r,master/5024_0484.tif,web/5024_0484_web.jpg,thumb/5024_0484_thumb.jpg
486,238 =239v,master/5024_0485.tif,web/5024_0485_web.jpg,thumb/5024_0485_thumb.jpg
487,238 =240r,master/5024_0486.tif,web/5024_0486_web.jpg,thumb/5024_0486_thumb.jpg
488,239 =240v,master/5024_0487.tif,web/5024_0487_web.jpg,thumb/5024_0487_thumb.jpg
489,239 =241r,master/5024_0488.tif,web/5024_0488_web.jpg,thumb/5024_0488_thumb.jpg
490,240 =241v,master/5024_0489.tif,web/5024_0489_web.jpg,thumb/5024_0489_thumb.jpg
491,240 =242r,master/5024_0490.tif,web/5024_0490_web.jpg,thumb/5024_0490_thumb.jpg
492,241 =242v,master/5024_0491.tif,web/5024_0491_web.jpg,thumb/5024_0491_thumb.jpg
493,241 =243r,master/5024_0492.tif,web/5024_0492_web.jpg,thumb/5024_0492_thumb.jpg
494,242 =243v,master/5024_0493.tif,web/5024_0493_web.jpg,thumb/5024_0493_thumb.jpg
495,242 =244r,master/5024_0494.tif,web/5024_0494_web.jpg,thumb/5024_0494_thumb.jpg
496,243 =244v,master/5024_0495.tif,web/5024_0495_web.jpg,thumb/5024_0495_thumb.jpg
497,243 =245r,master/5024_0496.tif,web/5024_0496_web.jpg,thumb/5024_0496_thumb.jpg
498,244 =245v,master/5024_0497.tif,web/5024_0497_web.jpg,thumb/5024_0497_thumb.jpg
499,244 =246r,master/5024_0498.tif,web/5024_0498_web.jpg,thumb/5024_0498_thumb.jpg
500,245 =246v,master/5024_0499.tif,web/5024_0499_web.jpg,thumb/5024_0499_thumb.jpg
501,245 =247r,master/5024_0500.tif,web/5024_0500_web.jpg,thumb/5024_0500_thumb.jpg
502,246 =247v,master/5024_0501.tif,web/5024_0501_web.jpg,thumb/5024_0501_thumb.jpg
503,246 =248r,master/5024_0502.tif,web/5024_0502_web.jpg,thumb/5024_0502_thumb.jpg
504,247 =248v,master/5024_0503.tif,web/5024_0503_web.jpg,thumb/5024_0503_thumb.jpg
505,247 =249r,master/5024_0504.tif,web/5024_0504_web.jpg,thumb/5024_0504_thumb.jpg
506,248 =249v,master/5024_0505.tif,web/5024_0505_web.jpg,thumb/5024_0505_thumb.jpg
507,248 =250r,master/5024_0506.tif,web/5024_0506_web.jpg,thumb/5024_0506_thumb.jpg
508,249 =250v,master/5024_0507.tif,web/5024_0507_web.jpg,thumb/5024_0507_thumb.jpg
509,249 =251r,master/5024_0508.tif,web/5024_0508_web.jpg,thumb/5024_0508_thumb.jpg
510,250 =251v,master/5024_0509.tif,web/5024_0509_web.jpg,thumb/5024_0509_thumb.jpg
511,250 =252r,master/5024_0510.tif,web/5024_0510_web.jpg,thumb/5024_0510_thumb.jpg
512,251 =252v,master/5024_0511.tif,web/5024_0511_web.jpg,thumb/5024_0511_thumb.jpg
513,251 =253r,master/5024_0512.tif,web/5024_0512_web.jpg,thumb/5024_0512_thumb.jpg
514,252 =253v,master/5024_0513.tif,web/5024_0513_web.jpg,thumb/5024_0513_thumb.jpg
515,252 =254r,master/5024_0514.tif,web/5024_0514_web.jpg,thumb/5024_0514_thumb.jpg
516,253 =254v,master/5024_0515.tif,web/5024_0515_web.jpg,thumb/5024_0515_thumb.jpg
517,253 =255r,master/5024_0516.tif,web/5024_0516_web.jpg,thumb/5024_0516_thumb.jpg
518,254 =255v,master/5024_0517.tif,web/5024_0517_web.jpg,thumb/5024_0517_thumb.jpg
519,254 =256r,master/5024_0518.tif,web/5024_0518_web.jpg,thumb/5024_0518_thumb.jpg
520,255 =256v,master/5024_0519.tif,web/5024_0519_web.jpg,thumb/5024_0519_thumb.jpg
521,255 =257r,master/5024_0520.tif,web/5024_0520_web.jpg,thumb/5024_0520_thumb.jpg
522,256 =257v,master/5024_0521.tif,web/5024_0521_web.jpg,thumb/5024_0521_thumb.jpg
523,256 =258r,master/5024_0522.tif,web/5024_0522_web.jpg,thumb/5024_0522_thumb.jpg
524,257 =258v,master/5024_0523.tif,web/5024_0523_web.jpg,thumb/5024_0523_thumb.jpg
525,257 =259r,master/5024_0524.tif,web/5024_0524_web.jpg,thumb/5024_0524_thumb.jpg
526,258 =259v,master/5024_0525.tif,web/5024_0525_web.jpg,thumb/5024_0525_thumb.jpg
527,258 =260r,master/5024_0526.tif,web/5024_0526_web.jpg,thumb/5024_0526_thumb.jpg
528,259 =260v,master/5024_0527.tif,web/5024_0527_web.jpg,thumb/5024_0527_thumb.jpg
529,259 =261r,master/5024_0528.tif,web/5024_0528_web.jpg,thumb/5024_0528_thumb.jpg
530,260 =261v,master/5024_0529.tif,web/5024_0529_web.jpg,thumb/5024_0529_thumb.jpg
531,260 =262r,master/5024_0530.tif,web/5024_0530_web.jpg,thumb/5024_0530_thumb.jpg
532,261 =262v,master/5024_0531.tif,web/5024_0531_web.jpg,thumb/5024_0531_thumb.jpg
533,261 =263r,master/5024_0532.tif,web/5024_0532_web.jpg,thumb/5024_0532_thumb.jpg
534,262 =263v,master/5024_0533.tif,web/5024_0533_web.jpg,thumb/5024_0533_thumb.jpg
535,262 =264r,master/5024_0534.tif,web/5024_0534_web.jpg,thumb/5024_0534_thumb.jpg
536,262 =264v,master/5024_0535.tif,web/5024_0535_web.jpg,thumb/5024_0535_thumb.jpg
537,262 =265r,master/5024_0536.tif,web/5024_0536_web.jpg,thumb/5024_0536_thumb.jpg
538,263 =265v,master/5024_0537.tif,web/5024_0537_web.jpg,thumb/5024_0537_thumb.jpg
539,263 =266r,master/5024_0538.tif,web/5024_0538_web.jpg,thumb/5024_0538_thumb.jpg
540,264 =266v,master/5024_0539.tif,web/5024_0539_web.jpg,thumb/5024_0539_thumb.jpg
541,264 =267r,master/5024_0540.tif,web/5024_0540_web.jpg,thumb/5024_0540_thumb.jpg
542,265 =267v,master/5024_0541.tif,web/5024_0541_web.jpg,thumb/5024_0541_thumb.jpg
543,265 =268r,master/5024_0542.tif,web/5024_0542_web.jpg,thumb/5024_0542_thumb.jpg
544,266 =268v,master/5024_0543.tif,web/5024_0543_web.jpg,thumb/5024_0543_thumb.jpg
545,266 =269r,master/5024_0544.tif,web/5024_0544_web.jpg,thumb/5024_0544_thumb.jpg
546,267 =269v,master/5024_0545.tif,web/5024_0545_web.jpg,thumb/5024_0545_thumb.jpg
547,267 =270r,master/5024_0546.tif,web/5024_0546_web.jpg,thumb/5024_0546_thumb.jpg
548,268 =270v,master/5024_0547.tif,web/5024_0547_web.jpg,thumb/5024_0547_thumb.jpg
549,268 =271r,master/5024_0548.tif,web/5024_0548_web.jpg,thumb/5024_0548_thumb.jpg
550,269 =271v,master/5024_0549.tif,web/5024_0549_web.jpg,thumb/5024_0549_thumb.jpg
551,269 =272r,master/5024_0550.tif,web/5024_0550_web.jpg,thumb/5024_0550_thumb.jpg
552,270 =272v,master/5024_0551.tif,web/5024_0551_web.jpg,thumb/5024_0551_thumb.jpg
553,270 =273r,master/5024_0552.tif,web/5024_0552_web.jpg,thumb/5024_0552_thumb.jpg
554,271 =273v,master/5024_0553.tif,web/5024_0553_web.jpg,thumb/5024_0553_thumb.jpg
555,271 =274r,master/5024_0554.tif,web/5024_0554_web.jpg,thumb/5024_0554_thumb.jpg
556,272 =274v,master/5024_0555.tif,web/5024_0555_web.jpg,thumb/5024_0555_thumb.jpg
557,272 =275r,master/5024_0556.tif,web/5024_0556_web.jpg,thumb/5024_0556_thumb.jpg
558,273 =275v,master/5024_0557.tif,web/5024_0557_web.jpg,thumb/5024_0557_thumb.jpg
559,273 =276r,master/5024_0558.tif,web/5024_0558_web.jpg,thumb/5024_0558_thumb.jpg
560,274 =276v,master/5024_0559.tif,web/5024_0559_web.jpg,thumb/5024_0559_thumb.jpg
561,274 =277r,master/5024_0560.tif,web/5024_0560_web.jpg,thumb/5024_0560_thumb.jpg
562,275 =277v,master/5024_0561.tif,web/5024_0561_web.jpg,thumb/5024_0561_thumb.jpg
563,275 =278r,master/5024_0562.tif,web/5024_0562_web.jpg,thumb/5024_0562_thumb.jpg
564,276 =278v,master/5024_0563.tif,web/5024_0563_web.jpg,thumb/5024_0563_thumb.jpg
565,276 =279r,master/5024_0564.tif,web/5024_0564_web.jpg,thumb/5024_0564_thumb.jpg
566,277 =279v,master/5024_0565.tif,web/5024_0565_web.jpg,thumb/5024_0565_thumb.jpg
567,277 =280r,master/5024_0566.tif,web/5024_0566_web.jpg,thumb/5024_0566_thumb.jpg
568,278 =280v,master/5024_0567.tif,web/5024_0567_web.jpg,thumb/5024_0567_thumb.jpg
569,278 =281r,master/5024_0568.tif,web/5024_0568_web.jpg,thumb/5024_0568_thumb.jpg
570,279 =281v,master/5024_0569.tif,web/5024_0569_web.jpg,thumb/5024_0569_thumb.jpg
571,279 =282r,master/5024_0570.tif,web/5024_0570_web.jpg,thumb/5024_0570_thumb.jpg
572,280 =282v,master/5024_0571.tif,web/5024_0571_web.jpg,thumb/5024_0571_thumb.jpg
573,280 =283r,master/5024_0572.tif,web/5024_0572_web.jpg,thumb/5024_0572_thumb.jpg
574,281 =283v,master/5024_0573.tif,web/5024_0573_web.jpg,thumb/5024_0573_thumb.jpg
575,281 =284r,master/5024_0574.tif,web/5024_0574_web.jpg,thumb/5024_0574_thumb.jpg
576,282 =284v,master/5024_0575.tif,web/5024_0575_web.jpg,thumb/5024_0575_thumb.jpg
577,282 =285r,master/5024_0576.tif,web/5024_0576_web.jpg,thumb/5024_0576_thumb.jpg
578,283 =285v,master/5024_0577.tif,web/5024_0577_web.jpg,thumb/5024_0577_thumb.jpg
579,283 =286r,master/5024_0578.tif,web/5024_0578_web.jpg,thumb/5024_0578_thumb.jpg
580,284 =286v,master/5024_0579.tif,web/5024_0579_web.jpg,thumb/5024_0579_thumb.jpg
581,284 =287r,master/5024_0580.tif,web/5024_0580_web.jpg,thumb/5024_0580_thumb.jpg
582,285 =287v,master/5024_0581.tif,web/5024_0581_web.jpg,thumb/5024_0581_thumb.jpg
583,285 =288r,master/5024_0582.tif,web/5024_0582_web.jpg,thumb/5024_0582_thumb.jpg
584,286 =288v,master/5024_0583.tif,web/5024_0583_web.jpg,thumb/5024_0583_thumb.jpg
585,Flyleaf 1 recto,master/5024_0584.tif,web/5024_0584_web.jpg,thumb/5024_0584_thumb.jpg
586,Flyleaf 1 verso,master/5024_0585.tif,web/5024_0585_web.jpg,thumb/5024_0585_thumb.jpg
587,Inside back cover,master/5024_0586.tif,web/5024_0586_web.jpg,thumb/5024_0586_thumb.jpg
588,Back cover,master/5024_0587.tif,web/5024_0587_web.jpg,thumb/5024_0587_thumb.jpg
589,Spine,master/5024_0588.tif,web/5024_0588_web.jpg,thumb/5024_0588_thumb.jpg
