document_id,path,title,metadata_type,created,updated
1,0001/ljs103,Reproduction of Sienese book covers.,TEI,2014-11-03T23:13:18+00:00,2015-04-22T15:17:04+00:00
2,0001/ljs201,Evangelista Torricelli letter to Marin Marsenne,TEI,2014-11-03T23:38:42+00:00,2015-04-22T15:17:05+00:00
3,0001/ljs255,Manuscript leaf from De casibus virorum illustrium,TEI,2014-11-03T23:39:46+00:00,2019-10-15T18:09:21+00:00
4,0001/ljs489,Nawaz letter with seal,TEI,2014-11-03T23:40:23+00:00,2015-04-22T15:17:07+00:00
5,0001/ljsmisc1,Sluby family indenture :,TEI,2014-11-03T23:41:42+00:00,2015-04-22T15:17:07+00:00
6,0001/ljsmisc2,Timothy Stedham indenture :,TEI,2014-11-03T23:42:45+00:00,2015-04-22T15:17:07+00:00
7,0001/ljsmisc3,John and Mary Hoffman indenture :,TEI,2014-11-03T23:43:16+00:00,2015-04-22T15:17:07+00:00
8,0001/ljsmisc4,Jacob Richman survey :,TEI,2014-11-03T23:43:47+00:00,2015-04-22T15:17:07+00:00
9,0001/ljsmisc5,Subscription for cutting a channel from Salem Creek :,TEI,2014-11-03T23:43:59+00:00,2015-04-22T15:17:07+00:00
10,0001/ljsmisc6,John Hunt indenture :,TEI,2014-11-03T23:44:21+00:00,2015-04-22T15:17:07+00:00
13,0001/ljs266,La generacion de Adam,TEI,2014-11-04T18:58:40+00:00,2019-10-15T19:35:30+00:00
15,0001/ljs204,Shesh kenafayim,TEI,2014-11-04T20:52:22+00:00,2019-10-15T18:28:33+00:00
16,0001/ljs491,Perush sefer ha-yesodot shel Uklids,TEI,2014-11-04T21:03:50+00:00,2015-04-22T15:17:07+00:00
17,0001/ljs217,Rapport sur les poids et mesures,TEI,2014-11-04T21:18:26+00:00,2015-04-22T15:17:06+00:00
18,0001/ljs454,Seiyo senpaku zukai,TEI,2014-11-04T21:20:21+00:00,2015-04-22T15:17:07+00:00
19,0001/ljs488,Cose di geometria,TEI,2014-11-04T21:32:36+00:00,2022-02-22T21:12:32+00:00
20,0001/ljs496,Treatise on practical mathematical calculation,TEI,2014-11-04T21:35:40+00:00,2019-10-15T18:01:40+00:00
21,0001/ljs209,In libros magnorum moralium questiones selecte,TEI,2014-11-04T21:42:35+00:00,2015-04-22T15:17:05+00:00
22,0001/ljs294,Kitab al-Adwar fi al-musiqa.,TEI,2014-11-04T21:48:19+00:00,2020-02-24T14:44:22+00:00
25,0001/ljs465,Didactic poem on surveying and measurement of areas (taksir).,TEI,2014-11-04T21:59:22+00:00,2020-01-27T21:11:28+00:00
26,0001/ljs462,Algorismus ... etc.,TEI,2014-11-04T22:00:47+00:00,2019-10-15T17:29:56+00:00
27,0001/ljs501,Bifolium from Liber completus in iudiciis stellarum.,TEI,2014-11-04T22:05:00+00:00,2019-10-15T17:18:25+00:00
29,0001/ljs198,De simplicibus,TEI,2014-11-04T22:10:32+00:00,2019-10-15T19:47:12+00:00
30,0001/ljs208,Opusculum mathematicum,TEI,2014-11-04T22:13:23+00:00,2015-04-22T15:17:05+00:00
31,0001/ljs359,Liber canonis,TEI,2014-11-04T22:20:56+00:00,2019-10-15T19:30:51+00:00
32,0001/ljs181,Mathematical notes,TEI,2014-11-04T22:27:10+00:00,2015-04-22T15:17:05+00:00
33,0001/ljs361,Astronomical and astrological tables.,TEI,2014-11-04T22:29:37+00:00,2022-12-07T21:15:35+00:00
34,0001/ljs494,Mar'eh ha-ofanim ... etc.,TEI,2014-11-04T22:34:58+00:00,2019-10-15T19:03:48+00:00
35,0001/ljs175,"Figure de sistemi del mondo d'Aristotile, Copernico, e Ticone",TEI,2014-11-04T22:38:42+00:00,2015-04-22T15:17:05+00:00
36,0001/ljs487,Treatises on astronomical instruments,TEI,2014-11-04T22:45:10+00:00,2019-10-15T18:54:17+00:00
37,0001/ljs182,Les observations de l'equinoxe du printems de cette annee 1703,TEI,2014-11-04T22:47:52+00:00,2015-04-22T15:17:05+00:00
38,0001/ljs185,Psalter leaves and Matthew leaf,TEI,2014-11-04T22:49:11+00:00,2015-04-22T15:17:05+00:00
40,0001/ljs499,Igeret orhot `olam ... etc.,TEI,2014-11-04T22:54:30+00:00,2022-02-22T21:21:44+00:00
41,0001/ljs56,Logica parva,TEI,2014-11-28T03:08:25+00:00,2019-10-15T19:04:01+00:00
42,0001/ljs430,De urinarum judiciis,TEI,2014-11-28T15:56:47+00:00,2019-10-15T18:26:29+00:00
43,0001/ljs236,Thesaurus pauperum ... etc.,TEI,2014-11-28T16:05:30+00:00,2019-10-15T18:33:20+00:00
44,0001/ljs22,"Trattato di varie cose attenenti a guerra, molini, aque, pesi, mechaniche fortezze, et altro",TEI,2014-11-28T16:43:48+00:00,2015-04-22T15:17:06+00:00
45,0001/ljs402,"Die eroffnete konigliche ober hungarische Kuppfer-Handlung Schmolnitz, so wohl nach ihren inner-als ausserlichen harmoniren den wesentlichen Theilen und Stucken ... etc.",TEI,2014-11-28T17:23:03+00:00,2015-04-22T15:17:07+00:00
46,0001/ljs163,Allgemeine Maschinenlehre nach den Vorfragen des Herrn Professor Dr. Ruhlmann,TEI,2014-11-28T18:58:26+00:00,2015-04-22T15:17:04+00:00
47,0001/ljs322,Fragments from Books III-V of Qanun fi al-tibb.,TEI,2014-11-28T19:53:23+00:00,2020-01-27T19:46:05+00:00
49,0001/ljs485,Yiddish translation of De humani corporis fabrica librorum epitome,TEI,2014-11-28T20:58:39+00:00,2015-04-22T15:17:07+00:00
51,0001/ljs325,Collation of L'ethica d'Aristotile ridotta in compendio,TEI,2014-11-29T08:29:37+00:00,2019-10-15T18:08:04+00:00
52,0001/ljs453,Commentaries on Aristotle,TEI,2014-11-29T09:23:59+00:00,2019-10-15T18:16:21+00:00
53,0001/ljs424,Nonus Almansoris cum annotationibus Doctoris S?,TEI,2014-11-29T12:44:08+00:00,2019-10-15T18:16:06+00:00
55,0001/ljs289,Algorismus,TEI,2014-11-29T17:55:49+00:00,2019-10-15T18:13:05+00:00
56,0001/ljs210,Scola medico-chirurgica,TEI,2014-11-29T18:10:02+00:00,2015-04-22T15:17:05+00:00
59,0001/ljs199,Artis analyticae specimina,TEI,2014-11-30T01:06:01+00:00,2015-04-22T15:17:05+00:00
61,0001/ljs437,De re medicina,TEI,2014-11-30T02:37:07+00:00,2020-01-27T20:43:43+00:00
62,0001/ljs203,Commentaries on the logical works of Aristotle,TEI,2014-11-30T03:17:00+00:00,2015-04-22T15:17:05+00:00
63,0001/ljs207,Theorie der Variationsrechnung,TEI,2014-11-30T05:01:33+00:00,2015-04-22T15:17:05+00:00
64,0001/ljs393,Sharh Fusul Buqurat. Masa'il Hunayn ibn Ishaq.,TEI,2014-11-30T07:36:01+00:00,2020-01-27T20:16:45+00:00
65,0001/ljs476,Yesod `olam,TEI,2014-11-30T08:27:31+00:00,2019-10-15T17:57:15+00:00
67,0001/ljs457,Loyca parva ... etc.,TEI,2014-11-30T10:33:13+00:00,2019-10-15T17:41:38+00:00
68,0001/ljs184,Liber ethimologiarum,TEI,2014-11-30T11:20:42+00:00,2019-10-15T17:14:38+00:00
69,0001/ljs214,Theoretisch-praktische Chemie,TEI,2014-11-30T14:40:14+00:00,2015-04-22T15:17:06+00:00
70,0001/ljs380,Pros mathematikous ... etc.,TEI,2014-11-30T18:02:25+00:00,2022-02-22T19:59:08+00:00
71,0001/ljs481,Hatt al-niqab `an wujuh a`mal al-hisab.,TEI,2014-11-30T19:18:16+00:00,2020-01-27T21:19:06+00:00
73,0001/ljs356,Pattern-books of bridles and harnesses,TEI,2014-11-30T21:55:30+00:00,2019-10-15T17:44:56+00:00
74,0001/ljs321,A geometricall extraction for all affected to the mathematickes,TEI,2014-11-30T23:02:42+00:00,2019-10-15T17:44:28+00:00
75,0001/ljs221,Memoire sur les rapports qui existent entre le calcul des residus et le calcul des limites,TEI,2014-12-01T00:31:41+00:00,2015-04-22T15:17:06+00:00
76,0001/ljs468,Mekitse nirdamim,TEI,2014-12-01T00:52:01+00:00,2019-10-15T17:30:22+00:00
77,0001/ljs486,Kitab Alghaz fi al-lughah al-`Arabiyah.,TEI,2014-12-01T01:36:23+00:00,2020-02-24T15:01:42+00:00
80,0001/ljs213,Traite elementaire et synthetique des sections coniques,TEI,2014-12-01T13:18:00+00:00,2015-04-22T15:17:05+00:00
81,0001/ljs264,Ymage du monde,TEI,2014-12-01T14:15:34+00:00,2019-10-15T17:36:53+00:00
83,0001/ljs471,Medical manual and prescriptions ... etc.,TEI,2014-12-01T20:36:37+00:00,2022-02-22T20:43:36+00:00
84,0001/ljs51,Collection of alphabets and encoded correspondence,TEI,2014-12-01T21:02:00+00:00,2020-01-27T19:42:42+00:00
85,0001/ljs394,al-Thani min al-sihah.,TEI,2014-12-01T21:39:42+00:00,2020-01-27T20:17:46+00:00
86,0001/ljs299,Sefer ha-Kanon ... etc.,TEI,2014-12-01T23:59:01+00:00,2019-10-15T17:28:07+00:00
88,0001/ljs443,Collection of texts on the calendar,TEI,2014-12-02T02:58:15+00:00,2019-10-15T17:25:44+00:00
90,0001/ljs404,Jami` al-`ulum.,TEI,2014-12-02T05:36:43+00:00,2020-02-24T14:50:03+00:00
92,0001/ljs192,Submarine detection in an alternating magnetic field,TEI,2014-12-02T07:46:29+00:00,2015-04-22T15:17:05+00:00
94,0001/ljs484,L'arte de la medicina de le bestie,TEI,2014-12-02T09:06:44+00:00,2022-02-22T21:11:56+00:00
95,0001/ljs40,Collection of prayers and charms.,TEI,2014-12-02T09:47:09+00:00,2020-02-24T14:34:18+00:00
96,0001/ljs417,Books III-V of al-Qanun fi al-tibb,TEI,2014-12-02T10:18:52+00:00,2020-02-24T14:54:17+00:00
97,0001/ljs229,Commentaries on Aristotle and Porphyry,TEI,2014-12-02T14:27:43+00:00,2019-10-15T19:32:06+00:00
98,0001/ljs165,Recipe book,TEI,2014-12-02T15:06:07+00:00,2015-04-22T15:17:05+00:00
99,0001/ljs458,Abscondita naturae,TEI,2014-12-02T15:52:32+00:00,2019-10-15T19:39:16+00:00
100,0001/ljs452,Ex quo vocabularii varii et autentici,TEI,2014-12-02T16:53:51+00:00,2019-10-15T19:37:43+00:00
102,0001/ljs311,Sefer ha-Kanon ... etc.,TEI,2014-12-02T18:28:47+00:00,2022-02-22T19:03:09+00:00
103,0001/ljs168,Theseus Christianus peregrinatur cum Phirithoo per aliquot Europae regiones,TEI,2014-12-02T19:11:35+00:00,2015-04-22T15:17:05+00:00
104,0001/ljs224,Expositio in libros Posteriorum Aristotelis,TEI,2014-12-02T20:08:40+00:00,2019-10-15T19:29:14+00:00
106,0001/ljs410,al-Mulakhkhas fi al-hay'ah.,TEI,2014-12-02T22:38:32+00:00,2020-01-27T20:27:46+00:00
107,0001/ljs272,Pattern-book of bridles and bits,TEI,2014-12-02T23:09:10+00:00,2015-04-22T15:17:06+00:00
108,0001/ljs296,Idah al-maqasid li-fara'id al-fawa'id.,TEI,2014-12-02T23:42:00+00:00,2020-01-27T19:44:34+00:00
110,0001/ljs171,Physica ... etc.,TEI,2014-12-03T01:45:38+00:00,2015-04-22T15:17:05+00:00
111,0001/ljs347,De consolatione philosophiae,TEI,2014-12-03T03:04:19+00:00,2019-10-15T19:19:47+00:00
112,0001/ljs500,Liber mirabilium,TEI,2014-12-03T03:20:54+00:00,2019-10-15T19:03:41+00:00
113,0001/ljs470,Medical and magical compendium,TEI,2014-12-03T03:55:38+00:00,2019-10-15T19:03:14+00:00
114,0001/ljs102,Zena nagaromu and hymns,TEI,2014-12-03T04:33:30+00:00,2015-04-22T15:17:04+00:00
115,0001/ljs220,Recueil de diverses recettes medecinales,TEI,2014-12-03T04:52:37+00:00,2019-10-15T18:56:44+00:00
116,0001/ljs43,Shah Qasim wa-ghayruhu min tasanifih.,TEI,2014-12-03T06:02:14+00:00,2020-01-27T19:41:49+00:00
117,0001/ljs218,Devoirs et mes conferences de Poincare,TEI,2014-12-03T07:01:11+00:00,2015-04-22T15:17:06+00:00
118,0001/ljs426,al-Kulliyat.,TEI,2014-12-03T08:28:11+00:00,2020-01-27T20:31:10+00:00
119,0001/ljs166,Alan G. Thomas correspondence and ephemera,TEI,2014-12-03T11:11:15+00:00,2015-04-22T15:17:05+00:00
120,0001/ljs312,`Ir sihon,TEI,2014-12-03T11:49:02+00:00,2019-10-15T18:44:58+00:00
122,0001/ljs438,Neoplatonic and neopythagorean translations,TEI,2014-12-03T12:23:25+00:00,2022-02-22T20:41:44+00:00
123,0001/ljs445,Prenosticatio,TEI,2014-12-03T12:49:39+00:00,2019-10-15T18:36:53+00:00
124,0001/ljs295,Kitab-i Advar.,TEI,2014-12-03T13:54:58+00:00,2020-02-24T14:45:04+00:00
125,0001/ljs398,Maqalah fi khalq al-insan.,TEI,2014-12-03T14:02:53+00:00,2020-01-27T20:18:52+00:00
126,0001/ljs206,Lecture notes on calculus,TEI,2014-12-03T14:32:50+00:00,2015-04-22T15:17:05+00:00
127,0001/ljs234,Liber phisicorum sive auditus phisici,TEI,2014-12-03T15:49:20+00:00,2022-02-21T21:39:48+00:00
128,0001/ljs308,Edward III letter patent,TEI,2014-12-10T16:08:58+00:00,2019-10-15T19:15:55+00:00
132,0001/ljs252,Manuscript leaf from Physics,TEI,2014-12-22T21:36:53+00:00,2019-10-15T18:25:22+00:00
133,0001/ljs493,Manuscript leaf from Physics,TEI,2014-12-22T21:43:32+00:00,2019-10-15T18:43:37+00:00
134,0001/ljs492,Medical miscellany,TEI,2014-12-22T21:49:14+00:00,2019-10-15T17:56:56+00:00
136,0001/ljs124,"Manuscript leaf from Speculum historiale, Book 29",TEI,2015-01-14T20:12:56+00:00,2019-10-15T18:50:30+00:00
137,0001/ljs115,Manuscript leaf from Summa de poenitentia et matrimonio,TEI,2015-01-14T20:21:42+00:00,2019-10-15T19:23:09+00:00
138,0001/ljs36,Manuscript leaf from an account of the Jewish Wars,TEI,2015-01-14T20:25:35+00:00,2022-12-08T16:30:55+00:00
140,0001/ljs180_item25,Biography of Charles Jean Laubert :,TEI,2015-02-04T16:53:18+00:00,2015-04-22T15:17:05+00:00
141,0001/ljs180_item24,Letter concerning steel production,TEI,2015-02-04T16:55:31+00:00,2015-04-22T15:17:05+00:00
142,0001/ljs180_item23,Letter concerning the forge of Ruelle,TEI,2015-02-04T16:57:25+00:00,2015-04-22T15:17:05+00:00
143,0001/ljs180_item22,Letter concerning the forge of Ruelle,TEI,2015-02-04T16:58:42+00:00,2015-04-22T15:17:05+00:00
144,0001/ljs180_item21,Letter concerning the forge of Ruelle,TEI,2015-02-04T16:59:21+00:00,2015-04-22T15:17:05+00:00
145,0001/ljs180_item20,Letter concerning forges and wire mill,TEI,2015-02-04T17:00:18+00:00,2015-04-22T15:17:05+00:00
146,0001/ljs180_item18,Memoire sur un nouvel ouvrage hydraulique,TEI,2015-02-04T17:01:43+00:00,2015-04-22T15:17:05+00:00
147,0001/ljs180_item17,Projet d'etablissement de nitrieres artificielles,TEI,2015-02-04T17:03:23+00:00,2015-04-22T15:17:05+00:00
148,0001/ljs180_item16,Procede pour extraire du sucre du raisin /,TEI,2015-02-04T17:04:38+00:00,2015-04-22T15:17:05+00:00
149,0001/ljs180_item1,Memoire,TEI,2015-02-04T18:45:45+00:00,2015-04-22T15:17:05+00:00
150,0001/ljs180_item2,Mechanical diagrams,TEI,2015-02-04T18:48:29+00:00,2015-04-22T15:17:05+00:00
151,0001/ljs180_item3,Request for government subsidy :,TEI,2015-02-04T18:50:41+00:00,2015-04-22T15:17:05+00:00
152,0001/ljs180_item4,E. Nash letter,TEI,2015-02-04T18:51:30+00:00,2015-04-22T15:17:05+00:00
153,0001/ljs180_item7,Memoire sur les procedes a suivre pour construire des chauffoirs et sur les changemens a faire dans la maniere de les couler en fonte,TEI,2015-02-04T18:52:25+00:00,2015-04-22T15:17:05+00:00
154,0001/ljs180_item8,Letter concerning coinage,TEI,2015-02-04T18:53:54+00:00,2015-04-22T15:17:05+00:00
155,0001/ljs180_item9,Letter concerning coinage,TEI,2015-02-04T18:54:58+00:00,2015-04-22T15:17:05+00:00
156,0001/ljs180_item10,Letter concerning manufacture of platinum,TEI,2015-02-04T18:55:52+00:00,2015-04-22T15:17:05+00:00
157,0001/ljs180_item11,Draft letter to journal editors,TEI,2015-02-04T18:57:35+00:00,2015-04-22T15:17:05+00:00
158,0001/ljs180_item12,Alexander Lamb petition,TEI,2015-02-04T20:57:54+00:00,2015-04-22T15:17:05+00:00
159,0001/ljs180_item13,James Fraser petition,TEI,2015-02-04T20:58:43+00:00,2015-04-22T15:17:05+00:00
160,0001/ljs180_item14,Duc de Luynes letter,TEI,2015-02-04T20:59:41+00:00,2015-04-22T15:17:05+00:00
161,0001/ljs180_item15,"Methode de faire elever d'eau de toute profondeurs quelconque comme 100 a 200 toises plus ou moins, par une simple pompe aspirante place a niveau de terre",TEI,2015-02-04T21:02:37+00:00,2015-04-22T15:17:05+00:00
162,0001/ljs108,Manuscript leaf from Interpretationes Hebraicorum nominum,TEI,2015-02-04T21:43:29+00:00,2019-10-15T19:08:56+00:00
163,0001/ljs119,Manuscript leaf from a collection of papal decretals,TEI,2015-02-04T21:44:17+00:00,2019-10-15T18:15:10+00:00
164,0001/ljs196,Overpainted leaves from a Persian manuscript and an Arabic lithograph,TEI,2015-02-04T21:45:06+00:00,2020-02-24T14:41:03+00:00
165,0001/ljs212,Manuscript leaf from expense records,TEI,2015-02-04T21:47:15+00:00,2019-10-15T19:01:49+00:00
166,0001/ljs271,Niccolo di Giovanni Machiavelli receipt,TEI,2015-02-04T21:47:59+00:00,2019-10-15T18:35:06+00:00
167,0001/ljs275,Martinus land sale document,TEI,2015-02-04T21:48:53+00:00,2015-04-22T15:17:42+00:00
168,0001/ljs285,Decreto di banco feneratitio,TEI,2015-02-04T21:49:31+00:00,2019-10-15T19:25:06+00:00
169,0001/ljs309,Nakhtnebef collateral letter,TEI,2015-02-04T21:51:14+00:00,2015-04-22T15:17:42+00:00
170,0001/ljs310,Map of district in Tarn-et-Garonne,TEI,2015-02-04T21:51:49+00:00,2022-04-04T17:49:22+00:00
171,0001/ljs313,Causa secretionis liquorum a sanguine in corpore animali :,TEI,2015-02-04T21:52:23+00:00,2015-04-22T15:17:42+00:00
172,0001/ljs391,Fragment of manuscript bifolium from the Liber ad Almansorem,TEI,2015-02-04T21:53:43+00:00,2019-10-15T19:16:16+00:00
173,0001/ljs431,Manuscript list of manuscript and printed books,TEI,2015-02-04T21:54:23+00:00,2019-10-15T19:13:36+00:00
174,0001/ljs475,Andrea Amadio botanical illustrations,TEI,2015-02-04T21:55:53+00:00,2019-10-16T20:18:53+00:00
175,0001/ljs110,John Elys deed :,TEI,2015-02-04T22:04:50+00:00,2019-10-15T17:35:07+00:00
176,0001/ljs211,Roger Bigod deed :,TEI,2015-02-04T22:05:41+00:00,2019-10-15T19:35:43+00:00
177,0001/ljs238,Assise of all manner of breade :,TEI,2015-02-04T22:08:03+00:00,2019-10-15T17:21:39+00:00
178,0001/ljs273,Waldipertus land grant document,TEI,2015-02-04T22:13:31+00:00,2015-04-22T15:17:42+00:00
179,0001/ljs314,East India Company petition :,TEI,2015-02-04T22:14:05+00:00,2015-04-22T15:17:42+00:00
180,0001/ljs35,Manuscript leaves from a canon law text,TEI,2015-02-04T22:15:39+00:00,2019-10-15T18:51:28+00:00
181,0001/ljs400,Sharh-i Zij Gurgani.,TEI,2015-02-07T17:38:17+00:00,2020-02-24T14:48:06+00:00
182,0001/ljs300,Calendarium and ephemerides,TEI,2015-02-08T12:37:30+00:00,2022-02-22T19:56:19+00:00
183,0001/ljs254,Buch von den probierten Kunsten,TEI,2015-02-08T19:01:54+00:00,2019-10-15T19:31:25+00:00
185,0001/ljs215,Scientific miscellany,TEI,2015-02-08T21:33:54+00:00,2022-02-21T21:10:16+00:00
188,0001/ljs450,Compendium of legal texts,TEI,2015-02-09T04:07:59+00:00,2019-10-15T17:33:06+00:00
189,0001/ljs189,Zakhirah-'i Khvarazmshahi.,TEI,2015-02-09T08:21:08+00:00,2021-10-18T14:51:15+00:00
190,0001/ljs180_item19,"Extrait du recueil de 26 machines economiques inventees et presentees a l'empereur des francais, roi d'Italie /",TEI,2015-02-09T19:22:25+00:00,2015-04-22T15:17:05+00:00
191,0001/ljs187,Thermometre absolu,TEI,2015-02-09T19:34:23+00:00,2015-04-22T15:17:05+00:00
192,0001/ljs197,Funeral chant pictographs,TEI,2015-02-09T19:46:07+00:00,2015-04-22T15:17:05+00:00
193,0001/ljs226,Certain astrological and astronomical figures,TEI,2015-02-09T19:51:03+00:00,2019-10-15T17:43:45+00:00
194,0001/ljs28,Portolan atlas.,TEI,2015-02-09T19:56:40+00:00,2022-02-21T20:16:14+00:00
195,0001/ljs358,Letter to Rodolfo Pio da Carpi,TEI,2015-02-09T21:57:24+00:00,2019-10-15T18:08:53+00:00
196,0001/ljs383,Ratiffication pour noble Gaolon Garnier dit de la Galliniere,TEI,2015-02-09T22:00:51+00:00,2019-10-15T18:20:12+00:00
197,0001/ljs460,Gathering from Ikhtisar lil-maqalat min kitab Uqlidis.,TEI,2015-02-09T22:05:14+00:00,2020-01-27T20:42:35+00:00
199,0001/ljs167,"Address presented to the Hon. Albert D. Shaw, United States Consul, Manchester, from residents in Sale, Ashton-on-Mersey, and District :",TEI,2015-02-10T15:48:53+00:00,2015-04-22T15:17:05+00:00
201,0001/ljs180_item5,Documents concerning carriages,TEI,2015-02-10T15:57:21+00:00,2015-04-22T15:17:05+00:00
202,0001/ljs188,Ynstruction of the ephimeredes,TEI,2015-02-10T15:59:27+00:00,2021-10-18T14:50:18+00:00
203,0001/ljs191,Commentary on the Ephemerides of Regiomontanus,TEI,2015-02-10T16:16:45+00:00,2021-10-18T14:53:27+00:00
204,0001/ljs225,Litterarum simulationis liber,TEI,2015-02-10T16:29:09+00:00,2022-02-21T21:30:24+00:00
205,0001/ljs235,Kitab al-Adwar fi al-musiqa.,TEI,2015-02-10T16:41:03+00:00,2020-02-24T14:41:54+00:00
206,0001/ljs346,Edicts concerning Jews in Mantua,TEI,2015-02-10T16:57:35+00:00,2019-10-15T18:33:46+00:00
207,0001/ljs388,Mulakhkhas fi al-hay'ah.,TEI,2015-02-10T17:41:26+00:00,2020-01-27T20:07:12+00:00
208,0001/ljs409,Kitab al-Kashf wa-al-bayan. Idah al-rumuz fi al-burhan.,TEI,2015-02-10T18:06:15+00:00,2020-01-27T20:26:51+00:00
210,0001/ljs418,Passio sancti Blasii ... etc.,TEI,2015-02-10T18:16:04+00:00,2019-10-15T17:47:41+00:00
211,0001/ljs421,Letter from Hippocrates to Caesar,TEI,2015-02-10T18:33:08+00:00,2019-10-15T18:48:08+00:00
212,0001/ljs429,De philosophia naturali,TEI,2015-02-10T18:53:48+00:00,2021-10-18T14:57:52+00:00
213,0001/ljs434,Jadavil-i ikhtiyarat.,TEI,2015-02-10T19:52:35+00:00,2020-02-24T14:58:02+00:00
214,0001/ljs467,Hadha min Khawass al-manazil wa-hiya fi al-maghrib anwa'.,TEI,2015-02-10T20:04:16+00:00,2020-01-27T21:14:17+00:00
215,0001/ljs469,Sefer ha-seder ha-katan ... etc.,TEI,2015-02-10T20:17:18+00:00,2022-02-22T20:42:41+00:00
216,0001/ljs48,Instrumenta feudorum castri Sone,TEI,2015-02-10T20:23:53+00:00,2022-02-21T20:27:44+00:00
217,0001/ljs231,Statutum habelle communum et terrarum Barge,TEI,2015-02-10T21:31:46+00:00,2019-10-15T17:58:43+00:00
218,0001/ljs416,Regulations for mills and bakeries,TEI,2015-02-10T21:43:19+00:00,2019-10-15T18:10:47+00:00
219,0001/ljs433,Yoso zusetsu,TEI,2015-02-10T21:58:55+00:00,2015-04-22T15:17:43+00:00
220,0001/ljs439,Book on the configuration of the orb.,TEI,2015-02-11T13:58:30+00:00,2020-01-27T20:33:45+00:00
221,0001/ljs497,Canones vel operationes in operando quadrante,TEI,2015-02-11T14:17:52+00:00,2022-02-22T21:20:59+00:00
222,0001/ljs19,Carta executoria de hidalguia a pedimiento,TEI,2015-02-11T15:41:56+00:00,2019-10-15T19:08:15+00:00
223,0001/ljs26,Algorismus ;,TEI,2015-02-11T16:18:20+00:00,2019-10-15T18:43:18+00:00
224,0001/ljs384,De philosophia mundi ... etc.,TEI,2015-02-11T16:45:27+00:00,2019-10-15T18:13:19+00:00
225,0001/ljs397,Astronomy lecture notes,TEI,2015-02-11T17:10:18+00:00,2019-10-15T18:02:56+00:00
226,0001/ljs49,Rawdat al-adhhan fi ma`rifat tashrih badan al-insan.,TEI,2015-02-11T17:43:29+00:00,2020-02-24T14:39:14+00:00
227,0001/ljs59,"Dogale issued by Doge Leonardo Loredan to Paolo Nani, podesta and capitaneus of Treviso",TEI,2015-02-11T18:44:03+00:00,2022-02-21T20:37:09+00:00
228,0001/ljs200,Giovanni Alfonso Borelli letters to Dionigi Guerrini,TEI,2015-02-11T20:02:09+00:00,2015-04-22T15:17:05+00:00
229,0001/ljs449,Medical and astronomical miscellany,TEI,2015-02-11T20:34:48+00:00,2019-10-15T17:23:59+00:00
230,0001/ljs54,Cartolarii,TEI,2015-02-11T21:13:06+00:00,2019-10-15T18:01:54+00:00
231,0001/ljs64,Illustrations to Georg von Peurbach's Novae theoricae planetarum,TEI,2015-02-11T21:44:04+00:00,2022-02-21T20:38:03+00:00
232,0001/ljs21,Executoria de hidalguia a pedimiento,TEI,2015-02-12T15:26:01+00:00,2015-04-22T15:17:05+00:00
233,0001/ljs29,Extratto da un libro de razza da cavalli del re Ferrante vechio de Aragona.,TEI,2015-02-12T15:56:48+00:00,2019-10-15T18:00:53+00:00
234,0001/ljs399,Inbat al-miyah al-khafiyah.,TEI,2015-02-12T16:45:39+00:00,2020-02-24T14:47:22+00:00
235,0001/ljs55,L'image del monde ... etc.,TEI,2015-02-12T17:07:29+00:00,2019-10-15T19:41:43+00:00
236,0001/ljs205,Philosophica disceptatio qua munda? Copernici systema,TEI,2015-02-12T19:29:32+00:00,2015-04-22T15:17:05+00:00
237,0001/ljs389,Shi si jing fa hui,TEI,2015-02-12T19:57:49+00:00,2015-04-22T15:17:43+00:00
238,0001/ljs47,De institutione musica,TEI,2015-02-12T20:37:13+00:00,2022-02-21T20:26:38+00:00
239,0001/ljs216,Tractatum de spera ... etc.,TEI,2015-02-12T21:16:01+00:00,2022-02-21T21:10:58+00:00
240,0001/ljs232,Trattato delle proportioni et proportionalita,TEI,2015-02-12T21:39:37+00:00,2019-10-15T17:22:23+00:00
241,0001/ljs101,Periermenias Aristotelis ... etc.,TEI,2015-02-13T15:58:35+00:00,2019-10-15T19:47:06+00:00
242,0001/ljs20,Carta executoria de hidalguia a pedimiento,TEI,2015-02-13T16:28:26+00:00,2019-10-15T17:18:43+00:00
244,0001/ljs408,Sharh al-Mulakhkhas fi al-hay'ah.,TEI,2015-02-13T17:13:12+00:00,2020-01-27T20:25:56+00:00
245,0001/ljs451,Commentary on the Doctrinale puerorum,TEI,2015-02-13T18:44:56+00:00,2019-10-15T18:58:53+00:00
246,0001/ljs463,Medical and astrological miscellany,TEI,2015-02-13T20:24:00+00:00,2019-10-15T18:55:03+00:00
247,0001/ljs477,Florilegium,TEI,2015-02-13T21:28:45+00:00,2019-10-15T18:42:38+00:00
248,0001/ljs60,Cosmographia,TEI,2015-02-13T21:51:29+00:00,2019-10-15T19:12:19+00:00
249,0001/ljs202,Primum mobile,TEI,2015-02-16T15:28:03+00:00,2015-04-22T15:17:05+00:00
250,0001/ljs25,Liber metaphisice ; Liber ethicorum,TEI,2015-02-16T18:57:13+00:00,2021-10-18T14:41:48+00:00
251,0001/ljs405,Kitab al-Siyasah al-shar`iyah al-musamma tas'hil al-nazar wa-ta`jil al-zafar.,TEI,2015-02-16T19:38:31+00:00,2020-01-27T20:23:42+00:00
252,0001/ljs407,Collection of astronomical texts.,TEI,2015-02-17T13:49:28+00:00,2020-08-03T17:54:13+00:00
253,0001/ljs423,Dos discursos de la cifra.,TEI,2015-02-17T14:12:49+00:00,2023-01-04T21:47:45+00:00
254,0001/ljs293,al-Bayan wa al-tidhkar fi san`at `amal al-ghubar.,TEI,2015-02-17T16:49:45+00:00,2020-01-27T19:43:46+00:00
255,0001/ljs432,Il capitano che esamina un' che viene al concorso per haver' la piazza di bombardiero,TEI,2015-02-17T17:48:40+00:00,2015-04-22T15:17:43+00:00
256,0001/ljs478,Kitab fi isti`ab al-wujuh al-mumkinah fi san`at al-asturlab.,TEI,2015-02-17T18:42:22+00:00,2020-02-24T15:01:09+00:00
257,0001/ljs320,Geometria,TEI,2015-02-17T20:42:15+00:00,2015-04-22T15:17:42+00:00
258,0001/ljs37,Ikhtisar lil-maqalat min kitab Uqlidis.,TEI,2015-02-17T21:12:28+00:00,2020-01-27T19:39:51+00:00
259,0001/ljs474,Sharh Jighmini fi fann al-hay'ah.,TEI,2015-02-18T14:06:33+00:00,2020-01-27T21:16:20+00:00
260,0001/ljs490,Astronomical compendium,TEI,2015-02-18T15:08:02+00:00,2019-10-15T19:17:29+00:00
262,0001/ljs386,Kitab Mizan al-hikmah.,TEI,2015-02-18T17:40:10+00:00,2020-01-27T19:47:02+00:00
263,0001/ljs464,Tahsil al-muna fi sharh Talkhis Ibn al-Banna'.,TEI,2015-02-18T18:41:17+00:00,2020-01-27T21:00:48+00:00
264,0001/ljs382,Alchemical compendium,TEI,2015-02-18T19:50:23+00:00,2019-10-15T19:23:44+00:00
265,0001/ljs419,Erbario,TEI,2015-02-18T20:51:12+00:00,2022-02-22T20:16:28+00:00
266,0001/ljs46,Herbal ... etc.,TEI,2015-02-19T13:50:29+00:00,2019-10-15T19:34:20+00:00
267,0001/ljs482,Commentaries on De generatione et corruptione and Meteorologica,TEI,2015-02-19T15:36:36+00:00,2019-10-15T18:21:05+00:00
269,0001/ljs183,Student's notebook on arithmetic and algebra,TEI,2015-02-19T18:23:36+00:00,2015-04-22T15:17:05+00:00
270,0001/ljs62,Herbal in the tradition of Dioscorides,TEI,2015-02-19T19:10:39+00:00,2019-10-15T17:50:50+00:00
271,0001/ljs57,Astronomical anthology.,TEI,2015-02-19T20:56:51+00:00,2023-01-04T21:43:02+00:00
272,0001/ljs251,Ars artium,TEI,2015-02-20T15:36:46+00:00,2015-04-22T15:17:42+00:00
273,0001/ljs280,Decretales abbreviate,TEI,2015-02-20T17:23:07+00:00,2019-10-15T17:38:10+00:00
274,0001/ljs441,Kitab al-Misbah wa-nuz'hat al-arwah fi `ilm al-miftah fi al-hikmah al-Ilahiyah wa-al-sina`ah al-falsafiyah wa al-natijah al-`aliyah.,TEI,2015-02-20T18:56:26+00:00,2020-02-24T14:58:49+00:00
275,0001/ljs179,Della natura delle cose libri VI,TEI,2015-02-20T20:51:42+00:00,2015-04-22T15:17:05+00:00
276,0001/ljs381,Crispi Sallustii de Catheline conjuracione liber,TEI,2015-02-23T14:27:56+00:00,2022-02-22T19:59:50+00:00
277,0001/ljs42,Bet Elohim,TEI,2015-02-23T16:10:29+00:00,2019-10-15T18:51:35+00:00
278,0001/ljs173,Enchiridion mathematicum continens elementa matheseos,TEI,2015-02-23T19:27:41+00:00,2015-04-22T15:17:05+00:00
279,0001/ljs278,Kitab-i Hashayish.,TEI,2015-02-24T13:42:16+00:00,2020-02-24T14:42:48+00:00
280,0001/ljs414,Astrological compendium.,TEI,2015-02-25T13:58:31+00:00,2020-02-24T14:53:25+00:00
281,0001/ljs403,Alchemical compendium.,TEI,2015-02-25T15:13:02+00:00,2020-02-24T14:49:04+00:00
282,0001/ljs268,Kitab al-Majisti.,TEI,2015-02-25T16:26:04+00:00,2022-02-22T14:03:32+00:00
283,0001/ljs265,Liber ruralium commodorum,TEI,2015-02-25T19:41:29+00:00,2019-10-15T19:01:56+00:00
284,0001/ljs16,"Speculum historiale, Books 25-28",TEI,2015-02-26T14:26:57+00:00,2019-10-15T18:28:07+00:00
285,0001/ljs239,"Pattern-book of bridles, bits and straps",TEI,2015-02-26T17:51:40+00:00,2019-10-15T19:06:21+00:00
286,0001/ljs267,De ludo schacchorum seu de moribus hominum et officiis nobilium ... etc.,TEI,2015-02-26T20:30:29+00:00,2022-02-22T14:02:37+00:00
287,0001/ljs237,Quinque libri Egesippi nacione Judei de excidio iudeorum,TEI,2015-02-27T15:39:24+00:00,2019-10-15T19:21:03+00:00
288,0001/ljs447,Masalik al-absar fi mamalik al-amsar.,TEI,2015-02-27T17:23:48+00:00,2020-02-24T14:59:39+00:00
289,0001/ljs223,Questiones logicales ... etc.,TEI,2015-03-02T13:48:31+00:00,2022-02-21T21:29:46+00:00
290,0001/ljs304,"Dogale issued by Doge Alvise Mocenigo to Girolamo Pruli, podesta of Brescia",TEI,2015-03-02T15:18:10+00:00,2019-10-15T18:04:44+00:00
291,0001/ljs498,Tsurat ha-arets ... etc.,TEI,2015-03-02T17:10:06+00:00,2019-10-15T17:57:29+00:00
292,0001/ljs286,Tahrir Usul al-handasah wa-al-hisab.,TEI,2015-03-02T19:37:26+00:00,2020-02-24T14:43:42+00:00
293,0001/ljs392,Tafsir al-Tahrir.,TEI,2015-03-02T20:55:51+00:00,2020-01-27T20:15:13+00:00
294,0001/ljs455,Fawa'id al-habib. Zinjar al-hukama'.,TEI,2015-03-03T14:46:45+00:00,2020-01-27T20:35:24+00:00
295,0001/ljs61,Register of writs,TEI,2015-03-03T16:24:46+00:00,2019-10-15T18:27:59+00:00
296,0001/ljs170,Lectures on chemistry,TEI,2015-03-03T20:02:46+00:00,2015-04-22T15:17:05+00:00
297,0001/ljs411,Sharh-i Zij-i Ulugh Beg.,TEI,2015-03-03T21:37:36+00:00,2020-02-24T14:51:47+00:00
299,0001/ljs27,Algorismus.,TEI,2015-03-09T14:52:05+00:00,2022-02-21T20:12:21+00:00
300,0001/ljs97,Eis ta Harmonika Ptolemaiou hypomnema,TEI,2015-03-09T20:14:19+00:00,2019-10-15T19:21:51+00:00
301,0001/ljs164,Arithmetic copy books,TEI,2015-03-10T14:05:45+00:00,2015-04-23T17:38:21+00:00
303,0001/ljs24,Medical miscellany,TEI,2015-03-12T15:41:43+00:00,2019-10-15T18:31:31+00:00
304,0001/ljs177,Paludi Pontine,TEI,2015-03-12T16:42:29+00:00,2019-10-15T18:06:58+00:00
305,0001/ljs186,Reverendi Patris Adami Adamandi disquisitiones physicomathematicae,TEI,2015-03-12T19:50:04+00:00,2015-04-23T17:38:21+00:00
306,0001/ljs195,Medical miscellany,TEI,2015-03-13T16:13:26+00:00,2019-10-15T19:12:48+00:00
307,0001/ljs219,Instruction pour les officiers de l'artillerie,TEI,2015-03-16T14:19:46+00:00,2015-04-23T17:38:22+00:00
308,0001/ljs242,Basis grammatice,TEI,2015-03-17T19:08:13+00:00,2022-02-21T21:40:23+00:00
310,0001/ljs222,The Ganges Canal,TEI,2015-03-19T20:36:21+00:00,2015-04-23T17:38:22+00:00
311,0001/ljs319,Derrota,TEI,2015-03-24T14:53:06+00:00,2015-04-23T17:38:22+00:00
312,0001/ljs342,Copies of documents relating to water rights in Milan,TEI,2015-03-24T15:55:08+00:00,2019-10-15T17:21:46+00:00
313,0001/ljs401,Probier Buchlein,TEI,2015-04-03T18:03:12+00:00,2015-04-23T17:38:22+00:00
314,0001/ljs385,School miscellany,TEI,2015-04-03T19:26:28+00:00,2022-02-22T20:15:33+00:00
316,0001/ljs420,Perpetual calendar with Metonic cycle,TEI,2015-04-06T15:03:24+00:00,2019-10-15T17:41:30+00:00
317,0001/ljs425,Risalah-i Tawdih al-alhan.,TEI,2015-04-06T15:40:45+00:00,2020-02-24T14:55:27+00:00
318,0001/ljs442,Buch von den probierten Kunsten,TEI,2015-04-07T14:30:10+00:00,2019-10-15T19:08:08+00:00
319,0001/ljs444,Hall al-Mujiz.,TEI,2015-04-07T16:19:00+00:00,2020-01-27T20:34:36+00:00
320,0001/ljs427,Books II-V of al-Qanun fi al-tibb.,TEI,2015-04-07T19:00:25+00:00,2020-02-24T14:56:16+00:00
321,0001/ljs473,De navigatione.,TEI,2015-04-08T13:23:00+00:00,2023-01-04T21:45:48+00:00
322,0001/ljs472,Heshbon mahalkhot ha-kokhavim,TEI,2015-04-08T15:45:15+00:00,2019-10-15T18:00:47+00:00
324,0001/ljs45,Papyrus fragments from The book of the dead,TEI,2015-04-08T18:57:10+00:00,2015-04-23T17:38:22+00:00
327,0001/ljs38,Prayers and commentary.,TEI,2015-04-09T13:20:16+00:00,2020-02-24T14:46:42+00:00
331,0001/ljs174,Tabule illustrissimi principis regis alfonsii ... etc.,TEI,2015-04-09T15:13:10+00:00,2019-10-15T17:24:29+00:00
332,0001/ljs41,Megilat Ester ... etc.,TEI,2015-04-09T16:32:28+00:00,2019-10-15T19:27:16+00:00
335,0001/ljs190,"Lecture notes on physics, statics, and mechanics",TEI,2015-04-09T18:14:41+00:00,2015-04-23T17:38:21+00:00
336,0001/ljs461,Ein schones Buech der Buxenmaisster undt Feyrwerckherey so zway Thail inn sich halt,TEI,2015-04-09T19:51:30+00:00,2015-04-23T17:38:22+00:00
337,0001/ljs483,Questions on Aristotle's Physics,TEI,2015-04-10T16:20:45+00:00,2019-10-15T19:27:03+00:00
338,0001/ljs379,Edict concerning Jews in Livorno and Pisa,TEI,2015-04-10T19:13:50+00:00,2019-10-15T18:03:23+00:00
339,0001/ljs33,Spanish Forger illumination,TEI,2015-04-15T13:44:04+00:00,2019-10-15T17:30:15+00:00
340,0001/ljs63,Rag darshan.,TEI,2015-04-15T13:52:42+00:00,2022-12-07T21:13:26+00:00
342,0001/ljs178,Report on efforts to repair the Acqua Felice,TEI,2015-04-16T13:11:42+00:00,2015-04-23T17:38:21+00:00
343,0001/ljs395,Manuscript pastedowns from De proprietatibus rerum,TEI,2015-04-16T13:22:01+00:00,2019-10-16T20:22:22+00:00
344,0001/ljs435,Maqalah fi al-`amal bi-al-yad.,TEI,2015-04-16T14:08:04+00:00,2020-01-27T20:32:08+00:00
345,0001/ljs436,Daw' al-siraj.,TEI,2015-04-16T15:05:10+00:00,2020-01-27T20:32:56+00:00
346,0001/ljs456,Kitab al-Siyasah fi tadbir al-riyasah,TEI,2015-04-16T15:42:23+00:00,2020-01-27T20:37:15+00:00
347,0001/ljs387,al-Qamus al-muhit.,TEI,2015-04-16T16:45:44+00:00,2020-01-27T19:50:24+00:00
348,0001/ljs172,Tabulae directionum et profectionum,TEI,2015-04-17T13:49:22+00:00,2022-02-21T20:53:38+00:00
349,0001/ljs459,Sirr al-asrar.,TEI,2015-04-17T14:26:19+00:00,2020-01-27T20:38:07+00:00
352,0001/ljs412,Four treatises on astrolabes and astronomy.,TEI,2015-04-17T18:07:08+00:00,2020-01-27T20:28:35+00:00
360,0001/ljs194,Geometria,TEI,2015-04-20T16:39:10+00:00,2022-02-21T20:54:32+00:00
716,0001/ljs345,Inventions or devises,TEI,2015-08-18T21:06:36+00:00,2019-10-15T17:54:06+00:00
3131,0001/ljs23,De natura rerum,TEI,2016-09-15T13:51:30+00:00,2019-10-15T18:02:08+00:00
3132,0001/ljs495,Kharidat al-`aja'ib wa faridat al-ghara'ib.,TEI,2016-09-15T15:12:22+00:00,2020-01-27T21:21:26+00:00
4001,0001/ljs176,Traite de mecanique,TEI,2017-04-03T23:09:10+00:00,2017-04-04T22:21:30+00:00
5461,0001/ljs502,Fragment from De mysteriis,TEI,2017-11-01T18:35:43+00:00,2019-10-15T18:01:34+00:00
5631,0001/ljs466,Lata'if al-kalam fi ahkam al-a`wam.,TEI,2017-11-27T19:11:58+00:00,2020-02-24T15:00:23+00:00
6971,0001/ljs422,Haft paykar.,TEI,2019-02-21T20:26:25+00:00,2020-10-20T15:20:26+00:00
9728,0001/ljs44,Collection of Persian poetry.,TEI,2020-02-03T21:48:20+00:00,2020-02-24T17:04:22+00:00
10391,0001/ljs17,Lestorement du monde,TEI,2021-01-29T19:38:33+00:00,2021-02-01T19:05:14+00:00
10985,0001/ljs446,al-Qanun fi al-tibb.,TEI,2021-03-19T20:02:37+00:00,2021-03-19T23:31:13+00:00
11219,0001/ljs355,Books III-V of al-Qanun fi al-tibb,TEI,2021-03-30T17:14:15+00:00,2021-03-30T22:33:38+00:00
11249,0001/ljs180_item6,Jean Sirven documents concerning the steel industry,TEI,2021-06-16T13:13:27+00:00,2021-07-20T22:34:36+00:00
11481,0001/ljs228,Mathematical tables,TEI,2022-01-20T20:23:03+00:00,2022-01-21T23:26:03+00:00
13568,0001/ljs479,Moral and medical miscellany.,TEI,2023-03-15T15:59:16+00:00,2023-03-15T22:17:06+00:00
